date,equity,open_positions_count,risk_utilization_pct,cash
2024-01-23 05:00:00,50000.0,0,0.0,50000.0
2024-01-24 05:00:00,50000.0,0,0.0,50000.0
2024-01-25 05:00:00,50000.0,0,0.0,50000.0
2024-01-26 05:00:00,50000.0,0,0.0,50000.0
2024-01-29 05:00:00,50000.0,0,0.0,50000.0
2024-01-30 05:00:00,50000.0,0,0.0,50000.0
2024-01-31 05:00:00,50000.0,0,0.0,50000.0
2024-02-01 05:00:00,50000.0,0,0.0,50000.0
2024-02-02 05:00:00,50000.0,0,0.0,50000.0
2024-02-05 05:00:00,50000.0,0,0.0,50000.0
2024-02-06 05:00:00,50000.0,0,0.0,50000.0
2024-02-07 05:00:00,50000.0,0,0.0,50000.0
2024-02-08 05:00:00,50000.0,0,0.0,50000.0
2024-02-09 05:00:00,50000.0,0,0.0,50000.0
2024-02-12 05:00:00,50000.0,0,0.0,50000.0
2024-02-13 05:00:00,50000.0,0,0.0,50000.0
2024-02-14 05:00:00,50000.0,0,0.0,50000.0
2024-02-15 05:00:00,50000.0,0,0.0,50000.0
2024-02-16 05:00:00,50000.0,0,0.0,50000.0
2024-02-20 05:00:00,50000.0,0,0.0,50000.0
2024-02-21 05:00:00,50000.0,0,0.0,50000.0
2024-02-22 05:00:00,50000.0,0,0.0,50000.0
2024-02-23 05:00:00,50000.0,0,0.0,50000.0
2024-02-26 05:00:00,50000.0,0,0.0,50000.0
2024-02-27 05:00:00,50000.0,0,0.0,50000.0
2024-02-28 05:00:00,50000.0,0,0.0,50000.0
2024-02-29 05:00:00,50000.0,0,0.0,50000.0
2024-03-01 05:00:00,50000.0,0,0.0,50000.0
2024-03-04 05:00:00,50000.0,0,0.0,50000.0
2024-03-05 05:00:00,50523.96254000001,0,0.0,50523.96254000001
2024-03-06 05:00:00,50523.96254000001,0,0.0,50523.96254000001
2024-03-07 05:00:00,50523.96254000001,0,0.0,50523.96254000001
2024-03-08 05:00:00,50523.96254000001,0,0.0,50523.96254000001
2024-03-11 04:00:00,50523.96254000001,0,0.0,50523.96254000001
2024-03-12 04:00:00,50523.96254000001,0,0.0,50523.96254000001
2024-03-13 04:00:00,50523.96254000001,0,0.0,50523.96254000001
2024-03-14 04:00:00,50523.96254000001,0,0.0,50523.96254000001
2024-03-15 04:00:00,50523.96254000001,0,0.0,50523.96254000001
2024-03-18 04:00:00,50523.96254000001,0,0.0,50523.96254000001
2024-03-19 04:00:00,50523.96254000001,0,0.0,50523.96254000001
2024-03-20 04:00:00,50523.96254000001,0,0.0,50523.96254000001
2024-03-21 04:00:00,50523.96254000001,0,0.0,50523.96254000001
2024-03-22 04:00:00,50523.96254000001,0,0.0,50523.96254000001
2024-03-25 04:00:00,50523.96254000001,0,0.0,50523.96254000001
2024-03-26 04:00:00,50523.96254000001,0,0.0,50523.96254000001
2024-03-27 04:00:00,50523.96254000001,0,0.0,50523.96254000001
2024-03-28 04:00:00,50523.96254000001,0,0.0,50523.96254000001
2024-04-01 04:00:00,50523.96254000001,0,0.0,50523.96254000001
2024-04-02 04:00:00,50523.96254000001,0,0.0,50523.96254000001
2024-04-03 04:00:00,50523.96254000001,0,0.0,50523.96254000001
2024-04-04 04:00:00,50523.96254000001,0,0.0,50523.96254000001
2024-04-05 04:00:00,50523.96254000001,0,0.0,50523.96254000001
2024-04-08 04:00:00,50523.96254000001,0,0.0,50523.96254000001
2024-04-09 04:00:00,50523.96254000001,0,0.0,50523.96254000001
2024-04-10 04:00:00,50523.96254000001,0,0.0,50523.96254000001
2024-04-11 04:00:00,50523.96254000001,0,0.0,50523.96254000001
2024-04-12 04:00:00,50523.96254000001,0,0.0,50523.96254000001
2024-04-15 04:00:00,50523.96254000001,0,0.0,50523.96254000001
2024-04-16 04:00:00,50523.96254000001,0,0.0,50523.96254000001
2024-04-17 04:00:00,50523.96254000001,0,0.0,50523.96254000001
2024-04-18 04:00:00,50523.96254000001,0,0.0,50523.96254000001
2024-04-19 04:00:00,50523.96254000001,0,0.0,50523.96254000001
2024-04-22 04:00:00,50523.96254000001,0,0.0,50523.96254000001
2024-04-23 04:00:00,50699.81096015282,0,0.0,50699.81096015282
2024-04-24 04:00:00,50699.81096015282,0,0.0,50699.81096015282
2024-04-25 04:00:00,50699.81096015282,0,0.0,50699.81096015282
2024-04-26 04:00:00,50699.81096015282,0,0.0,50699.81096015282
2024-04-29 04:00:00,50699.81096015282,0,0.0,50699.81096015282
2024-04-30 04:00:00,50699.81096015282,0,0.0,50699.81096015282
2024-05-01 04:00:00,50699.81096015282,0,0.0,50699.81096015282
2024-05-02 04:00:00,50699.81096015282,0,0.0,50699.81096015282
2024-05-03 04:00:00,50699.81096015282,0,0.0,50699.81096015282
2024-05-06 04:00:00,50699.81096015282,0,0.0,50699.81096015282
2024-05-07 04:00:00,50699.81096015282,0,0.0,50699.81096015282
2024-05-08 04:00:00,50699.81096015282,0,0.0,50699.81096015282
2024-05-09 04:00:00,51118.558820152815,0,0.0,51118.558820152815
2024-05-10 04:00:00,51118.558820152815,0,0.0,51118.558820152815
2024-05-13 04:00:00,51577.895247800596,1,0.009900822239813986,45895.895247800596
2024-05-14 04:00:00,51427.895247800596,1,0.009929700017697296,45895.895247800596
2024-05-15 04:00:00,51567.895247800596,1,0.009902742198383604,45895.895247800596
2024-05-16 04:00:00,51441.895247800596,1,0.00992699763281085,45895.895247800596
2024-05-17 04:00:00,51104.853247800595,0,0.0,51104.853247800595
2024-05-20 04:00:00,51104.853247800595,0,0.0,51104.853247800595
2024-05-21 04:00:00,51104.853247800595,0,0.0,51104.853247800595
2024-05-22 04:00:00,51104.853247800595,0,0.0,51104.853247800595
2024-05-23 04:00:00,51104.853247800595,0,0.0,51104.853247800595
2024-05-24 04:00:00,51104.853247800595,0,0.0,51104.853247800595
2024-05-28 04:00:00,51104.853247800595,0,0.0,51104.853247800595
2024-05-29 04:00:00,51104.853247800595,0,0.0,51104.853247800595
2024-05-30 04:00:00,51104.853247800595,0,0.0,51104.853247800595
2024-05-31 04:00:00,51104.853247800595,0,0.0,51104.853247800595
2024-06-03 04:00:00,51104.853247800595,0,0.0,51104.853247800595
2024-06-04 04:00:00,51104.853247800595,0,0.0,51104.853247800595
2024-06-05 04:00:00,51104.853247800595,0,0.0,51104.853247800595
2024-06-06 04:00:00,51104.853247800595,0,0.0,51104.853247800595
2024-06-07 04:00:00,51104.853247800595,0,0.0,51104.853247800595
2024-06-10 04:00:00,51104.853247800595,0,0.0,51104.853247800595
2024-06-11 04:00:00,51104.853247800595,0,0.0,51104.853247800595
2024-06-12 04:00:00,51104.853247800595,0,0.0,51104.853247800595
2024-06-13 04:00:00,51104.853247800595,0,0.0,51104.853247800595
2024-06-14 04:00:00,51104.853247800595,0,0.0,51104.853247800595
2024-06-17 04:00:00,51104.853247800595,0,0.0,51104.853247800595
2024-06-18 04:00:00,51104.853247800595,0,0.0,51104.853247800595
2024-06-20 04:00:00,51104.853247800595,0,0.0,51104.853247800595
2024-06-21 04:00:00,51104.853247800595,0,0.0,51104.853247800595
2024-06-24 04:00:00,51104.853247800595,0,0.0,51104.853247800595
2024-06-25 04:00:00,51104.853247800595,0,0.0,51104.853247800595
2024-06-26 04:00:00,51104.853247800595,0,0.0,51104.853247800595
2024-06-27 04:00:00,51104.853247800595,0,0.0,51104.853247800595
2024-06-28 04:00:00,51104.853247800595,0,0.0,51104.853247800595
2024-07-01 04:00:00,51104.853247800595,0,0.0,51104.853247800595
2024-07-02 04:00:00,51104.853247800595,0,0.0,51104.853247800595
2024-07-03 04:00:00,51104.853247800595,0,0.0,51104.853247800595
2024-07-05 04:00:00,51104.853247800595,0,0.0,51104.853247800595
2024-07-08 04:00:00,51102.300247800595,1,0.0007700827518364539,38337.300247800595
2024-07-09 04:00:00,51785.40761494042,3,0.011869729677806617,13416.527614940416
2024-07-10 04:00:00,52228.23198110331,5,0.014669545462666314,17.551981103309515
2024-07-11 04:00:00,54324.58479855368,4,0.017397160264283614,14734.929798553687
2024-07-12 04:00:00,54312.74506255369,3,0.008825932510585466,28005.955062553687
2024-07-15 04:00:00,54311.27346255368,2,0.008369782911885558,28513.853462553685
2024-07-16 04:00:00,54702.66965155368,0,0.0,54702.66965155368
2024-07-17 04:00:00,54654.63786611082,1,0.0042331592427643895,41145.447866110815
2024-07-18 04:00:00,54514.81726000492,1,0.009995914165994674,51515.62726000492
2024-07-19 04:00:00,54874.67434921574,3,0.023515097997360894,24284.39934921574
2024-07-22 04:00:00,55494.172782035195,4,0.023977870515055327,11125.512782035192
2024-07-23 04:00:00,55430.493341035195,3,0.014174628581560808,14097.123341035192
2024-07-24 04:00:00,54819.54246905198,3,0.028016156371089108,15902.547469051979
2024-07-25 04:00:00,55353.812429777834,3,0.024918235466765366,16605.017429777836
2024-07-26 04:00:00,55200.40377977784,2,0.015181964461088502,29645.658779777834
2024-07-29 04:00:00,55341.63116377783,1,0.0053001429633912755,41581.35116377783
2024-07-30 04:00:00,57136.99102772236,3,0.01620684182199011,16239.98102772236
2024-07-31 04:00:00,56728.634420786155,1,0.0068238346099576755,42545.45942078615
2024-08-01 04:00:00,56939.393249235814,5,0.03897579274813082,1.1582492358156742
2024-08-02 04:00:00,55965.37666829393,7,0.039712150079235245,0.8816682939337817
2024-08-05 04:00:00,54259.68367629393,3,0.018736779562460414,33655.04367629393
2024-08-06 04:00:00,55398.990328293934,5,0.023884940324710103,19.410328293930434
2024-08-07 04:00:00,54288.04566173565,5,0.0318828251200109,55.16066173564468
2024-08-08 04:00:00,55062.11790128728,5,0.03455647386365576,211.8879012872785
2024-08-09 04:00:00,54854.481141251104,5,0.03430619776210721,199.63114125110224
2024-08-12 04:00:00,54984.006619545165,4,0.03303712817364517,5324.826619545176
2024-08-13 04:00:00,55296.126739201,5,0.03861086996483432,10.081739200989432
2024-08-14 04:00:00,55505.94893822801,6,0.042913822024265656,6.7639382280096925
2024-08-15 04:00:00,57158.971652228,4,0.02249337939702157,23063.581652228007
2024-08-16 04:00:00,58068.04320390207,6,0.0459914749653464,8.193203902072128
2024-08-19 04:00:00,58799.101603902076,6,0.04539271795815651,14.716603902072166
2024-08-20 04:00:00,58131.03236939227,7,0.04591954006332432,4.937369392275924
2024-08-21 04:00:00,58543.31729072841,7,0.031936846640611326,2.637290728412381
2024-08-22 04:00:00,57930.701909783354,9,0.036853330742127016,0.4319097833586021
2024-08-23 04:00:00,61331.141587596336,8,0.033102890145748444,188.79158759633972
2024-08-26 04:00:00,61778.19581559634,6,0.017815523880350993,29236.84081559634
2024-08-27 04:00:00,62078.02589097278,6,0.03201554216587703,17538.66089097278
2024-08-28 04:00:00,61855.35258482069,6,0.039778361653293515,5299.162584820686
2024-08-29 04:00:00,61446.46387714096,7,0.03983643276418975,3.8288771409670517
2024-08-30 04:00:00,62146.87373823485,4,0.026080043254229867,11051.963738234845
2024-09-03 04:00:00,61017.534456804686,6,0.04255972555346166,11.434456804676302
2024-09-04 04:00:00,61230.39664780468,6,0.025843848938824375,12.041647804676359
2024-09-05 04:00:00,60816.562517320104,6,0.03435696625708241,3.3025173201012876
2024-09-06 04:00:00,60048.33500072527,4,0.025788573465857445,3709.5650007252625
2024-09-09 04:00:00,60042.25135672527,4,0.025044514931301567,4135.141356725266
2024-09-10 04:00:00,60099.79135672527,4,0.02502053712111927,4135.141356725266
2024-09-11 04:00:00,59891.357882725264,0,0.0,59891.357882725264
2024-09-12 04:00:00,59891.357882725264,0,0.0,59891.357882725264
2024-09-13 04:00:00,59891.357882725264,0,0.0,59891.357882725264
2024-09-16 04:00:00,59891.357882725264,0,0.0,59891.357882725264
2024-09-17 04:00:00,59891.357882725264,0,0.0,59891.357882725264
2024-09-18 04:00:00,59891.357882725264,0,0.0,59891.357882725264
2024-09-19 04:00:00,59891.357882725264,0,0.0,59891.357882725264
2024-09-20 04:00:00,59891.357882725264,0,0.0,59891.357882725264
2024-09-23 04:00:00,59891.357882725264,0,0.0,59891.357882725264
2024-09-24 04:00:00,59901.96751472527,1,0.005362601285525952,44936.52751472527
2024-09-25 04:00:00,60196.67761472527,2,0.011986048011119806,29984.03761472527
2024-09-26 04:00:00,60448.08972841576,4,0.026436371463336564,8422.649728415767
2024-09-27 04:00:00,60562.68438441576,3,0.021082252203438488,23246.404384415764
2024-09-30 04:00:00,61100.84252441576,2,0.014345266776955653,38952.56252441576
2024-10-01 04:00:00,60660.721356415765,1,0.004619094427738208,45357.121356415766
2024-10-02 04:00:00,61336.12491641576,0,0.0,61336.12491641576
2024-10-03 04:00:00,61336.12491641576,0,0.0,61336.12491641576
2024-10-04 04:00:00,61336.12491641576,0,0.0,61336.12491641576
2024-10-07 04:00:00,61874.9599882753,0,0.0,61874.9599882753
2024-10-08 04:00:00,61874.9599882753,0,0.0,61874.9599882753
2024-10-09 04:00:00,62453.1192382753,1,0.009116290057952326,46418.1192382753
2024-10-10 04:00:00,61830.6192382753,1,0.009208071292411683,46418.1192382753
2024-10-11 04:00:00,61647.572738275296,0,0.0,61647.572738275296
2024-10-14 04:00:00,61647.572738275296,0,0.0,61647.572738275296
2024-10-15 04:00:00,61647.572738275296,0,0.0,61647.572738275296
2024-10-16 04:00:00,61647.572738275296,0,0.0,61647.572738275296
2024-10-17 04:00:00,61765.67788804,1,0.0026340656461377038,46243.67788804
2024-10-18 04:00:00,61674.42901568212,2,0.009213927581699638,30814.159015682126
2024-10-21 04:00:00,61624.88904390451,4,0.02439876140084057,27.8390439045088
2024-10-22 04:00:00,61678.40592390451,3,0.020716921435814196,15215.40092390451
2024-10-23 04:00:00,60819.2762778668,4,0.020025463875520243,2096.5212778667938
2024-10-24 04:00:00,60527.28034315755,4,0.020360656149756455,2115.3903431575527
2024-10-25 04:00:00,60558.65034315755,4,0.02035010912171342,2115.3903431575527
2024-10-28 04:00:00,60067.75330315756,1,0.010261304546000093,47425.343303157555
2024-10-29 04:00:00,59900.73245800295,1,0.004790654694511405,44995.712458002956
2024-10-30 04:00:00,59926.34245800295,1,0.004788607370051174,44995.712458002956
2024-10-31 04:00:00,60161.01081895431,2,0.007778632004896603,30048.50581895431
2024-11-01 04:00:00,59763.09605316953,2,0.006489979275644561,29755.036053169526
2024-11-04 05:00:00,59625.496053169525,2,0.006504956444933558,29755.036053169526
2024-11-05 05:00:00,60140.07011243778,2,0.005881499570173875,30191.430112437778
2024-11-06 05:00:00,62145.87794443778,0,0.0,62145.87794443778
2024-11-07 05:00:00,62145.87794443778,0,0.0,62145.87794443778
2024-11-08 05:00:00,62145.87794443778,0,0.0,62145.87794443778
2024-11-11 05:00:00,62097.75818443778,1,0.010007120678242646,55545.75818443778
2024-11-12 05:00:00,61898.85818443778,1,0.010039276623623281,55545.75818443778
2024-11-13 05:00:00,61618.05818443778,1,0.01008502666766841,55545.75818443778
2024-11-14 05:00:00,61480.23372242613,1,0.005545013435550637,46119.10372242613
2024-11-15 05:00:00,61158.02945642613,1,0.001442028410395966,45818.18945642613
2024-11-18 05:00:00,61158.02945642613,1,0.001442028410395966,45818.18945642613
2024-11-19 05:00:00,61622.85608341469,3,0.01666045773051666,15267.196083414688
2024-11-20 05:00:00,60905.14096341469,2,0.015408771052269246,30889.67096341469
2024-11-21 05:00:00,61411.03096341469,2,0.015281837127445928,30889.67096341469
2024-11-22 05:00:00,61304.64235941469,1,0.008008524739987213,46079.652359414686
2024-11-25 05:00:00,60865.53459141468,0,0.0,60865.53459141468
2024-11-26 05:00:00,60865.53459141468,0,0.0,60865.53459141468
2024-11-27 05:00:00,60865.53459141468,0,0.0,60865.53459141468
2024-11-29 05:00:00,60865.53459141468,0,0.0,60865.53459141468
2024-12-02 05:00:00,60865.53459141468,0,0.0,60865.53459141468
2024-12-03 05:00:00,60859.782435085464,1,0.004876983525956605,45655.362435085466
2024-12-04 05:00:00,60842.882637085466,2,0.011211039397950063,30453.332637085463
2024-12-05 05:00:00,60749.75619708546,3,0.015733863873104294,15268.096197085462
2024-12-06 05:00:00,60623.687195085455,3,0.020877159581652815,23917.287195085464
2024-12-09 05:00:00,60515.427397085456,2,0.014547539889677764,39113.23739708546
2024-12-10 05:00:00,60399.10523908546,2,0.011463072462072826,39316.27523908546
2024-12-11 05:00:00,60397.913839085464,1,0.0014193398505185442,45272.08383908546
2024-12-12 05:00:00,60502.6934324733,2,0.004338080798090427,30174.783432473298
2024-12-13 05:00:00,60364.62987008157,3,0.01021474512009456,14889.53987008157
2024-12-16 05:00:00,60453.01030408157,3,0.011168981312848594,14937.330304081566
2024-12-17 05:00:00,60738.63411816323,3,0.010592923841164639,14908.31411816323
2024-12-18 05:00:00,60640.447895691424,2,0.00914090165161341,30113.44789569142
2024-12-19 05:00:00,60306.487895691425,1,0.0054358425918119265,44825.837895691424
2024-12-20 05:00:00,60306.487895691425,1,0.0054358425918119265,44825.837895691424
2024-12-23 05:00:00,60303.39176569142,0,0.0,60303.39176569142
2024-12-24 05:00:00,60303.39176569142,0,0.0,60303.39176569142
2024-12-26 05:00:00,60303.39176569142,0,0.0,60303.39176569142
2024-12-27 05:00:00,60303.39176569142,0,0.0,60303.39176569142
2024-12-30 05:00:00,60303.39176569142,0,0.0,60303.39176569142
2024-12-31 05:00:00,60303.39176569142,0,0.0,60303.39176569142
2025-01-02 05:00:00,60303.39176569142,0,0.0,60303.39176569142
2025-01-03 05:00:00,60303.39176569142,0,0.0,60303.39176569142
2025-01-06 05:00:00,60303.39176569142,0,0.0,60303.39176569142
2025-01-07 05:00:00,60303.39176569142,0,0.0,60303.39176569142
2025-01-08 05:00:00,60318.41082000516,2,0.011026859511798133,29714.980820005163
2025-01-10 05:00:00,59390.145529819165,0,0.0,59390.145529819165
2025-01-13 05:00:00,59390.145529819165,0,0.0,59390.145529819165
2025-01-14 05:00:00,59390.145529819165,0,0.0,59390.145529819165
2025-01-15 05:00:00,59390.145529819165,0,0.0,59390.145529819165
2025-01-16 05:00:00,59390.145529819165,0,0.0,59390.145529819165
2025-01-17 05:00:00,59390.145529819165,0,0.0,59390.145529819165
2025-01-21 05:00:00,59390.145529819165,0,0.0,59390.145529819165
2025-01-22 05:00:00,59390.145529819165,0,0.0,59390.145529819165
2025-01-23 05:00:00,59390.145529819165,0,0.0,59390.145529819165
2025-01-24 05:00:00,59390.145529819165,0,0.0,59390.145529819165
2025-01-27 05:00:00,59890.776785819166,0,0.0,59890.776785819166
2025-01-28 05:00:00,59890.776785819166,0,0.0,59890.776785819166
2025-01-29 05:00:00,59890.776785819166,0,0.0,59890.776785819166
2025-01-30 05:00:00,59890.776785819166,0,0.0,59890.776785819166
2025-01-31 05:00:00,59890.776785819166,0,0.0,59890.776785819166
2025-02-03 05:00:00,60295.41122581916,2,0.012282287241170418,29956.99122581916
2025-02-04 05:00:00,60245.29062742556,1,0.004118721802414919,44916.83062742556
2025-02-05 05:00:00,60465.65379356134,1,0.004678584156719069,45371.05379356134
2025-02-06 05:00:00,60476.28379356134,1,0.0046777617955145396,45371.05379356134
2025-02-07 05:00:00,60143.79865356134,0,0.0,60143.79865356134
2025-02-10 05:00:00,60143.79865356134,0,0.0,60143.79865356134
2025-02-11 05:00:00,60143.79865356134,0,0.0,60143.79865356134
2025-02-12 05:00:00,60269.96683386265,1,0.0015460738506053652,45173.76683386265
2025-02-13 05:00:00,60344.83201386265,0,0.0,60344.83201386265
2025-02-14 05:00:00,60344.83201386265,0,0.0,60344.83201386265
2025-02-18 05:00:00,60344.83201386265,0,0.0,60344.83201386265
2025-02-19 05:00:00,60344.83201386265,0,0.0,60344.83201386265
2025-02-20 05:00:00,60344.83201386265,0,0.0,60344.83201386265
2025-02-21 05:00:00,60344.83201386265,0,0.0,60344.83201386265
2025-02-24 05:00:00,60344.83201386265,0,0.0,60344.83201386265
2025-02-25 05:00:00,60344.83201386265,0,0.0,60344.83201386265
2025-02-26 05:00:00,60344.83201386265,0,0.0,60344.83201386265
2025-02-27 05:00:00,60344.83201386265,0,0.0,60344.83201386265
2025-02-28 05:00:00,60344.83201386265,0,0.0,60344.83201386265
2025-03-03 05:00:00,60344.83201386265,0,0.0,60344.83201386265
2025-03-04 05:00:00,60344.83201386265,0,0.0,60344.83201386265
2025-03-05 05:00:00,60732.9249422351,1,0.009918130440785964,47378.1249422351
2025-03-06 05:00:00,59721.169391468306,1,0.006958883843057742,44559.269391468304
2025-03-07 05:00:00,59682.7190964683,0,0.0,59682.7190964683
2025-03-10 04:00:00,59361.584965414506,0,0.0,59361.584965414506
2025-03-11 04:00:00,59361.584965414506,0,0.0,59361.584965414506
2025-03-12 04:00:00,59361.584965414506,0,0.0,59361.584965414506
2025-03-13 04:00:00,59426.5415414145,1,0.009985494841332052,51942.981541414505
2025-03-14 04:00:00,58864.82154141451,1,0.010080781839838057,51942.981541414505
2025-03-17 04:00:00,59070.18154141451,1,0.010045735572760348,51942.981541414505
2025-03-18 04:00:00,58972.135429414506,0,0.0,58972.135429414506
2025-03-19 04:00:00,58972.135429414506,0,0.0,58972.135429414506
2025-03-20 04:00:00,58972.135429414506,0,0.0,58972.135429414506
2025-03-21 04:00:00,58972.135429414506,0,0.0,58972.135429414506
2025-03-24 04:00:00,58972.135429414506,0,0.0,58972.135429414506
2025-03-25 04:00:00,58972.135429414506,0,0.0,58972.135429414506
2025-03-26 04:00:00,58972.135429414506,0,0.0,58972.135429414506
2025-03-27 04:00:00,58972.135429414506,0,0.0,58972.135429414506
2025-03-28 04:00:00,58972.135429414506,0,0.0,58972.135429414506
2025-03-31 04:00:00,58972.135429414506,0,0.0,58972.135429414506
2025-04-01 04:00:00,58972.135429414506,0,0.0,58972.135429414506
2025-04-02 04:00:00,58972.135429414506,0,0.0,58972.135429414506
2025-04-03 04:00:00,59157.501702993824,1,0.006359695991043532,44246.971702993826
2025-04-04 04:00:00,58593.041914993824,0,0.0,58593.041914993824
2025-04-07 04:00:00,58593.041914993824,0,0.0,58593.041914993824
2025-04-08 04:00:00,58593.041914993824,0,0.0,58593.041914993824
2025-04-09 04:00:00,58593.041914993824,0,0.0,58593.041914993824
2025-04-10 04:00:00,58593.041914993824,0,0.0,58593.041914993824
2025-04-11 04:00:00,58593.041914993824,0,0.0,58593.041914993824
2025-04-14 04:00:00,58593.041914993824,0,0.0,58593.041914993824
2025-04-15 04:00:00,58593.041914993824,0,0.0,58593.041914993824
2025-04-16 04:00:00,58593.041914993824,0,0.0,58593.041914993824
2025-04-17 04:00:00,58593.041914993824,0,0.0,58593.041914993824
2025-04-21 04:00:00,58593.041914993824,0,0.0,58593.041914993824
2025-04-22 04:00:00,58593.041914993824,0,0.0,58593.041914993824
2025-04-23 04:00:00,58593.041914993824,0,0.0,58593.041914993824
2025-04-24 04:00:00,58593.041914993824,0,0.0,58593.041914993824
2025-04-25 04:00:00,58593.041914993824,0,0.0,58593.041914993824
2025-04-28 04:00:00,58593.041914993824,0,0.0,58593.041914993824
2025-04-29 04:00:00,58593.041914993824,0,0.0,58593.041914993824
2025-04-30 04:00:00,58593.041914993824,0,0.0,58593.041914993824
2025-05-01 04:00:00,58593.041914993824,0,0.0,58593.041914993824
2025-05-02 04:00:00,58593.041914993824,0,0.0,58593.041914993824
2025-05-05 04:00:00,58593.041914993824,0,0.0,58593.041914993824
2025-05-06 04:00:00,58593.041914993824,0,0.0,58593.041914993824
2025-05-07 04:00:00,58593.041914993824,0,0.0,58593.041914993824
2025-05-08 04:00:00,58593.041914993824,0,0.0,58593.041914993824
2025-05-09 04:00:00,58593.041914993824,0,0.0,58593.041914993824
2025-05-12 04:00:00,58593.041914993824,0,0.0,58593.041914993824
2025-05-13 04:00:00,58593.041914993824,0,0.0,58593.041914993824
2025-05-14 04:00:00,58593.041914993824,0,0.0,58593.041914993824
2025-05-15 04:00:00,58593.041914993824,0,0.0,58593.041914993824
2025-05-16 04:00:00,58593.041914993824,0,0.0,58593.041914993824
2025-05-19 04:00:00,58593.041914993824,0,0.0,58593.041914993824
2025-05-20 04:00:00,58593.041914993824,0,0.0,58593.041914993824
2025-05-21 04:00:00,58593.041914993824,0,0.0,58593.041914993824
2025-05-22 04:00:00,58593.041914993824,0,0.0,58593.041914993824
2025-05-23 04:00:00,58593.041914993824,0,0.0,58593.041914993824
2025-05-27 04:00:00,58544.364914096856,1,0.001885527344244705,43952.754914096855
2025-05-28 04:00:00,58611.684914096855,1,0.0018833616719730309,43952.754914096855
2025-05-29 04:00:00,58479.74893409685,0,0.0,58479.74893409685
2025-05-30 04:00:00,58479.74893409685,0,0.0,58479.74893409685
2025-06-02 04:00:00,58479.74893409685,0,0.0,58479.74893409685
2025-06-03 04:00:00,58479.74893409685,0,0.0,58479.74893409685
2025-06-04 04:00:00,58479.74893409685,0,0.0,58479.74893409685
2025-06-05 04:00:00,58479.74893409685,0,0.0,58479.74893409685
2025-06-06 04:00:00,58479.74893409685,0,0.0,58479.74893409685
2025-06-09 04:00:00,58479.74893409685,0,0.0,58479.74893409685
2025-06-10 04:00:00,58479.74893409685,0,0.0,58479.74893409685
2025-06-11 04:00:00,58471.68735809685,1,0.004269443679145519,43868.947358096855
2025-06-12 04:00:00,58451.127358096855,1,0.004270945442516231,43868.947358096855
2025-06-13 04:00:00,58384.307358096856,1,0.004275833478143999,43868.947358096855
2025-06-16 04:00:00,58278.624846096856,0,0.0,58278.624846096856
2025-06-17 04:00:00,58278.624846096856,0,0.0,58278.624846096856
2025-06-18 04:00:00,58278.624846096856,0,0.0,58278.624846096856
2025-06-20 04:00:00,58278.624846096856,0,0.0,58278.624846096856
2025-06-23 04:00:00,58278.624846096856,0,0.0,58278.624846096856
2025-06-24 04:00:00,58278.624846096856,0,0.0,58278.624846096856
2025-06-25 04:00:00,58278.624846096856,0,0.0,58278.624846096856
2025-06-26 04:00:00,58278.624846096856,0,0.0,58278.624846096856
2025-06-27 04:00:00,58278.624846096856,0,0.0,58278.624846096856
2025-06-30 04:00:00,58278.624846096856,0,0.0,58278.624846096856
2025-07-01 04:00:00,58443.43310523251,1,0.009862557865594463,48893.883105232504
2025-07-02 04:00:00,58392.9031052325,1,0.009871092379592687,48893.883105232504
2025-07-03 04:00:00,58561.698105232506,1,0.009842640488815555,48893.883105232504
2025-07-07 04:00:00,58761.6481052325,1,0.009809148644573641,48893.883105232504
2025-07-08 04:00:00,58586.574179232506,0,0.0,58586.574179232506
2025-07-09 04:00:00,58586.574179232506,0,0.0,58586.574179232506
2025-07-10 04:00:00,58842.88994018843,1,0.006227332468146095,44090.529940188426
2025-07-11 04:00:00,59197.974940188426,1,0.006189979292607814,44090.529940188426
2025-07-14 04:00:00,59367.5105014148,1,0.009898663120792663,51943.6305014148
2025-07-15 04:00:00,59726.44605238855,2,0.013846185240529637,37184.60605238855
2025-07-16 04:00:00,59725.559798620445,3,0.02210259215684193,22292.189798620442
2025-07-17 04:00:00,59802.79981262043,1,0.008245537923193484,44487.67981262044
2025-07-18 04:00:00,59781.43981262044,1,0.008248484066521436,44487.67981262044
2025-07-21 04:00:00,59647.801719129704,2,0.018265456829223464,33045.481719129704
2025-07-22 04:00:00,59826.1953451297,1,0.00996867826961497,48424.2753451297
2025-07-23 04:00:00,60790.93156941829,2,0.014212759154965832,33525.74656941829
2025-07-24 04:00:00,61457.78578941828,1,0.004354513789813342,46277.09578941829
2025-07-25 04:00:00,61644.14746941828,2,0.014300904982890099,36533.547469418285
2025-07-28 04:00:00,61422.41837541829,1,0.009995508744828359,51526.01837541829
2025-07-29 04:00:00,60990.21015182114,2,0.02011341722783869,44508.775151821144
2025-07-30 04:00:00,61228.63026682114,2,0.019956554038075183,50538.195266821145
2025-07-31 04:00:00,61394.28526682114,2,0.019902706958582202,50538.195266821145
2025-08-01 04:00:00,61114.00526682114,2,0.019993984410976242,50538.195266821145
2025-08-04 04:00:00,61727.72420282115,1,0.009868163015349924,57542.11420282115
2025-08-05 04:00:00,61684.824202821146,1,0.009875026035530811,57542.11420282115
2025-08-06 04:00:00,61656.939202821144,1,0.009879492120039078,57542.11420282115
2025-08-07 04:00:00,60851.902112821146,0,0.0,60851.902112821146
2025-08-08 04:00:00,60851.902112821146,0,0.0,60851.902112821146
2025-08-11 04:00:00,60851.902112821146,0,0.0,60851.902112821146
2025-08-12 04:00:00,60851.902112821146,0,0.0,60851.902112821146
2025-08-13 04:00:00,60851.902112821146,0,0.0,60851.902112821146
2025-08-14 04:00:00,60851.902112821146,0,0.0,60851.902112821146
2025-08-15 04:00:00,60851.902112821146,0,0.0,60851.902112821146
2025-08-18 04:00:00,60851.902112821146,0,0.0,60851.902112821146
2025-08-19 04:00:00,60851.902112821146,0,0.0,60851.902112821146
2025-08-20 04:00:00,60851.902112821146,0,0.0,60851.902112821146
2025-08-21 04:00:00,60851.902112821146,0,0.0,60851.902112821146
2025-08-22 04:00:00,60851.902112821146,0,0.0,60851.902112821146
2025-08-25 04:00:00,60851.902112821146,0,0.0,60851.902112821146
2025-08-26 04:00:00,60773.62433486351,1,0.010005619783462701,50354.22433486351
2025-08-27 04:00:00,61091.50433486351,1,0.009953557120226693,50354.22433486351
2025-08-28 04:00:00,60998.78933486351,1,0.009968686011446742,50354.22433486351
2025-08-29 04:00:00,60695.25639686351,1,0.01003874299526785,50098.95639686351
2025-09-02 04:00:00,61658.85639686351,1,0.009881858269933694,50098.95639686351
2025-09-03 04:00:00,62022.82044320693,1,0.009932858732548204,47672.120443206935
2025-09-04 04:00:00,62362.92044320694,1,0.009878689280076585,47672.120443206935
2025-09-05 04:00:00,62216.481317703525,2,0.015441616414373171,32147.46131770352
2025-09-08 04:00:00,61912.366271381834,0,0.0,61912.366271381834
2025-09-09 04:00:00,61912.366271381834,0,0.0,61912.366271381834
2025-09-10 04:00:00,61912.366271381834,0,0.0,61912.366271381834
2025-09-11 04:00:00,62313.57662330585,1,0.005484673912107909,46434.91662330585
2025-09-12 04:00:00,62171.47662330585,1,0.005497209759818793,46434.91662330585
