symbol,side,entry_date,entry_price,exit_date,exit_price,qty,pnl,r_multiple,commission,slippage_cost,reason,part,bars_held,mfe_R,atr_pct_entry,target_R_at_entry,adaptive_shrunk,entry_setup_type,entry_adx14,entry_rvol20,entry_ema20_dist_pct,entry_pivot_dist_pct,entry_atr_pct,entry_mtf_state,qty_cap_reason,order_type,days_to_fill,time_to_BE_bars,time_to_1R_bars,be_armed_bar,trail_active_bar,position_id,mae_R,setup_type,signal_ext_pct,signal_rvol,pivot_dist_pct,ema20_dist_pct,evidence_w_now,evidence_two_bar,mom_fail_now,cyc_fail_now,val_fail_now,mom_streak,cyc_streak,val_streak,exit_macd,exit_macds,exit_slowk,exit_slowd,exit_ema50,exit_close,evidence_mom_fail,evidence_cycle_fail,evidence_value_fail
RNGR,long,2024-03-05 05:00:00,10.057011,2024-03-05 05:00:00,10.267946,1242,261.98127000000125,2.1743410541073125,0.0,2.551068,target_same_day,full,0,0.0,0.022637460375051103,2.1955139107936605,False,breakout,27.23253962114502,4.742706687730385,,,0.022637460375051103,none,risk_cap,limit,5.0,,,,,1,,,,,,,,,,,,,,,,,,,,,,,
RNGR,long,2024-03-05 05:00:00,10.057011,2024-03-05 05:00:00,10.267946,1242,261.98127000000125,2.1743410541073125,0.0,2.551068,target_same_day,full,0,0.0,0.023257744160845955,2.1955139107936605,False,breakout,27.23253962114502,4.742706687730385,,,0.023257744160845955,none,risk_cap,limit,4.0,,,,,2,,,,,,,,,,,,,,,,,,,,,,,
MAMA,long,2024-04-23 04:00:00,4.831748224884157,2024-04-23 04:00:00,4.89902,2614,175.84842015281455,2.1189145333732786,0.0,2.5617200000000007,target_same_day,full,0,0.0,0.02932327942948816,2.149782400902126,False,breakout,16.96431719118471,2.1329802883200943,,,0.02932327942948816,none,risk_cap,limit,1.0,,,,,3,,,,,,,,,,,,,,,,,,,,,,,
VCEL,long,2024-05-09 04:00:00,46.929384,2024-05-09 04:00:00,48.480302,270,418.7478600000008,2.1862883854160833,0.0,2.61846,target_same_day,full,0,0.0,0.032512942006777935,2.1999594013961454,False,breakout,16.023975504047915,0.9042857142857142,,,0.032512942006777935,none,risk_cap,limit,2.0,,,,,4,,,,,,,,,,,,,,,,,,,,,,,
MITK,long,2024-05-13 04:00:00,13.05665893088055,2024-05-17 04:00:00,13.022395,400,-13.70557235222023,-0.026838750782809073,0.0,1.042,evidence_consecutive,full,3,0.9895681912851111,0.03604585780276472,2.2036747647071264,False,pullback,18.02408665735107,2.2234723712942746,,,0.03604585780276472,none,full_size,limit,5.0,,,,,5,0.0,pullback,,,,,1.5,1.5,False,True,True,0.0,1.0,1.0,0.15695135231999835,0.11956105326382065,36.57801418439716,63.15420985633748,13.133624290231019,13.025,0.0,1.0,1.0
CDNA,long,2024-07-09 04:00:00,14.592536392246638,2024-07-09 04:00:00,15.296940000000001,875,616.3531567841928,2.1839507872175785,0.0,2.6775,target_same_day,full,0,0.0,0.05604581447591244,2.1934380887238834,False,breakout,20.349678466403358,0.8024700120661509,,,0.05604581447591244,up,risk_cap,limit,1.0,,,,,7,,,,,,,,,,,,,,,,,,,,,,,
NRIM,long,2024-07-08 04:00:00,55.5111,2024-07-11 04:00:00,60.067983999999996,230,1048.0833199999993,26.632869666862153,0.0,2.7636800000000004,target,full,2,0.0,0.014814210128124816,2.2144944476914747,False,breakout,29.9278242199776,0.0,,,0.014814210128124816,up,risk_cap,limit,5.0,3.0,,2024-07-11 04:00:00,,6,0.0648743424897679,breakout,,,,,0.5,0.5,True,False,False,1.0,0.0,0.0,0.8192893689761434,0.8730724696717201,29.803493449781637,9.934497816593874,54.11585961605971,58.23,1.0,0.0,0.0
NTGR,long,2024-07-09 04:00:00,14.312862,2024-07-11 04:00:00,14.977004,892,592.414664,5.405593267242863,0.0,2.672432,target,full,1,1.6859403232895152,0.02995448620577257,2.1742931093421585,False,pullback,27.556273580288803,0.6274684815352003,,,0.02995448620577257,up,risk_cap,limit,1.0,1.0,1.0,2024-07-10 04:00:00,2024-07-10 04:00:00,8,0.0,pullback,,,,,0.0,0.0,True,False,False,0.0,0.0,0.0,0.17737522766424085,0.2369645836734017,65.37446831421951,44.253503384055364,14.269701778796184,14.85,1.0,0.0,0.0
KRG,long,2024-07-10 04:00:00,21.90438,2024-07-11 04:00:00,22.605477999999998,591,414.34891799999895,3.27035171191344,0.0,2.672502,target,full,0,0.0,0.013806789319739032,2.2185838231178407,False,pullback,31.28187095644507,0.7538572509280274,,,0.013806789319739032,up,risk_cap,limit,2.0,1.0,,2024-07-11 04:00:00,,10,0.0,pullback,,,,,0.0,0.0,False,False,False,0.0,0.0,0.0,0.1848716395129344,0.16468700940192274,77.18623709025587,45.178603953307686,21.786503598722216,22.9,0.0,0.0,0.0
NXRT,long,2024-07-09 04:00:00,38.00610977870348,2024-07-12 04:00:00,39.497099000000006,336,500.9723783556318,1.0756646004554837,0.0,2.654736,evidence_consecutive,full,2,1.445693733703314,0.01608629485721359,2.203209491930007,False,pullback,25.934511904148955,1.4574568288854004,,,0.01608629485721359,up,risk_cap,limit,1.0,2.0,2.0,2024-07-11 04:00:00,2024-07-11 04:00:00,9,0.0,pullback,,,,,0.5,0.5,True,False,False,1.0,0.0,0.0,0.6244288747247992,0.6304214619927855,76.58790318364782,55.00506251589771,36.972199898561634,39.505,1.0,0.0,0.0
VRNS,long,2024-07-10 04:00:00,45.348705383710744,2024-07-15 04:00:00,50.78984,10,54.41134616289254,2.195151812735244,0.0,0.10160000000000001,target,full,2,1.8886046914059322,0.02714480617006876,2.1992507266548924,False,pullback,23.990513373492863,1.1275123988514748,,,0.02714480617006876,up,bp_cap,limit,1.0,1.0,1.0,2024-07-11 04:00:00,2024-07-11 04:00:00,11,0.0,pullback,,,,,0.0,0.0,False,False,False,0.0,0.0,0.0,1.3750890620447223,0.9763474887646664,90.71128872812241,75.05333437468396,45.49118205386926,50.59,0.0,0.0,0.0
INVH,long,2024-07-11 04:00:00,35.505077373592584,2024-07-16 04:00:00,35.827833,367,118.45131489152088,0.42186011186273437,0.0,2.6302890000000003,evidence_consecutive,full,2,0.30052205743291655,0.014320838167130836,2.202290493176531,False,pullback,20.910723850012765,2.287366853739549,,,0.014320838167130836,up,risk_cap,limit,3.0,,,,,12,0.45103591545545796,pullback,,,,,0.5,0.5,True,False,False,1.0,0.0,0.0,0.14352146605776994,0.20978730497781223,28.597785977859893,14.865634801858803,35.248952983187024,35.835,1.0,0.0,0.0
ROP,long,2024-07-11 04:00:00,555.9660944539629,2024-07-16 04:00:00,566.956586,23,252.78130555885343,1.4545201377509154,0.0,2.6085220000000002,evidence_consecutive,full,2,0.764138879048668,0.011472791913932431,2.2000658736231635,False,pullback,24.339700558897103,1.0154643782962367,,,0.011472791913932431,up,risk_cap,limit,3.0,3.0,,2024-07-16 04:00:00,,13,0.19005776895890303,pullback,,,,,0.5,0.5,True,False,False,1.0,0.0,0.0,3.189208799031576,3.750691817924472,88.63542098714228,73.70764426540731,550.7025203127259,567.07,1.0,0.0,0.0
ORCL,long,2024-07-17 04:00:00,139.76517304580275,2024-07-18 04:00:00,137.352524,97,-234.0269574428683,-1.0115194996222003,0.0,2.665172,stop,full,0,0.0,0.022362739164249024,2.198929324405486,False,pullback,30.769095468378254,0.8693592800430304,,,0.022362739164249024,up,risk_cap,limit,2.0,,,,,14,0.0,pullback,,,,,0.0,0.0,True,True,False,0.0,0.0,0.0,2.4579100941257934,3.6415521038399294,7.538199600733288,26.66909326146623,133.89021373822374,137.98,1.0,1.0,0.0
DOCS,long,2024-07-19 04:00:00,27.612809137460186,2024-07-22 04:00:00,28.624274,493,498.6521772321283,2.185490260824473,0.0,2.822918,target,full,0,0.0,0.028463970280013667,2.197862531673364,False,breakout,16.345169532180144,0.7580712929194467,,,0.028463970280013667,up,risk_cap,limit,3.0,1.0,,2024-07-22 04:00:00,,17,0.0,breakout,,,,,0.0,0.0,False,False,False,0.0,0.0,0.0,0.22190629259647565,0.10779359034095559,65.00843170320408,55.896883392667576,27.550893427298277,28.76,0.0,0.0,0.0
GRND,long,2024-07-18 04:00:00,11.490332428427603,2024-07-23 04:00:00,11.562687,257,18.595124894106085,0.0341241640236828,0.0,0.594441,evidence_consecutive,full,2,0.17434415783874718,0.03711470583107483,2.2023280448695157,False,pullback,41.37091158363377,0.5265224688855813,,,0.03711470583107483,up,full_size,limit,1.0,,,,,15,0.00015678127785343122,pullback,,,,,0.5,0.5,True,False,False,1.0,0.0,0.0,0.3609074927021485,0.49966474228494767,10.146643403123843,10.367508585354937,10.876674366820566,11.565,1.0,0.0,0.0
ROIV,long,2024-07-22 04:00:00,10.972723727254644,2024-07-24 04:00:00,10.937812,1250,-43.63965906830636,-0.3398604021454684,0.0,2.735,stop,full,1,2.017803269847596,0.026771323038908595,2.2125002549990493,False,pullback,16.397944893120037,0.5433907498917059,,,0.026771323038908595,up,risk_cap,limit,5.0,1.0,1.0,2024-07-23 04:00:00,2024-07-23 04:00:00,18,0.0,pullback,,,,,0.0,0.0,True,True,True,0.0,0.0,0.0,0.06149668334662195,0.08668705353768244,6.349206349206344,14.190875511630177,10.938650863062735,10.75,1.0,1.0,1.0
BR,long,2024-07-22 04:00:00,202.30968641958566,2024-07-24 04:00:00,203.019388,67,47.55000588776028,0.3396210904002768,0.0,2.721004,stop,full,1,1.8999566361739422,0.013906634526495145,2.2014372765682606,False,pullback,18.458533038777826,1.4224358194427547,,,0.013906634526495145,up,risk_cap,limit,4.0,1.0,1.0,2024-07-23 04:00:00,2024-07-23 04:00:00,19,0.0,pullback,,,,,0.0,0.0,True,False,False,0.0,0.0,0.0,1.574772337680173,1.6139903509770817,43.76228711078012,37.551174062643796,201.10630104737498,203.37,1.0,0.0,0.0
VRNS,long,2024-07-19 04:00:00,46.797639195949515,2024-07-25 04:00:00,46.89062,291,27.05741397869079,0.05230577963309302,0.0,2.72958,evidence_consecutive,full,3,0.7101333087877869,0.029815592288702782,2.2008745154613507,False,breakout,26.32603721620105,0.6477027061668476,,,0.029815592288702782,up,risk_cap,limit,3.0,,,,,16,0.14493334560610854,breakout,,,,,0.5,1.0,True,False,False,2.0,0.0,0.0,0.6498806217702651,0.9708902038970783,24.376598465473094,18.83789273517205,46.12375636171012,46.9,1.0,0.0,0.0
BJRI,long,2024-07-24 04:00:00,36.097096231217186,2024-07-25 04:00:00,35.822834,383,-105.04243455618226,-0.22169838068889572,0.0,2.7445779999999997,stop,full,0,0.0,0.03274799579175702,2.2010444297479843,False,breakout,15.337340347607855,1.1069978075692772,,,0.03274799579175702,up,risk_cap,limit,1.0,1.0,,2024-07-25 04:00:00,,20,0.0,breakout,,,,,0.0,0.0,False,True,False,0.0,0.0,0.0,0.5354366718270924,0.48690246610835847,39.07516098222264,57.99865629563383,35.597715820435,37.26,0.0,1.0,0.0
ISRG,long,2024-07-25 04:00:00,438.24840898686494,2024-07-25 04:00:00,456.018778,31,550.8814394071867,2.188897977656255,0.0,2.8278820000000002,target_same_day,full,0,0.0,0.023677921481087657,2.2001344157499267,False,breakout,24.000261853943535,0.9635481287201797,,,0.023677921481087657,up,risk_cap,limit,2.0,,,,,22,,,,,,,,,,,,,,,,,,,,,,,
TMDX,long,2024-07-25 04:00:00,146.07009423318328,2024-07-26 04:00:00,140.22195,93,-543.8774136860461,-1.004819509594893,0.0,2.6086500000000004,stop,full,0,0.0,0.04179548950336801,2.1992609146838245,False,pullback,20.609857146408906,0.4597189423560838,,,0.04179548950336801,up,risk_cap,limit,1.0,,,,,24,0.0,pullback,,,,,0.0,0.0,True,True,False,0.0,0.0,0.0,1.4592928401123118,2.371555066614841,14.524271844660149,41.56122042201011,138.75910641673104,140.68,1.0,1.0,0.0
HD,long,2024-07-24 04:00:00,352.8470306493039,2024-07-29 04:00:00,361.68764799999997,33,291.74037257296965,0.5355667859663685,0.0,2.387616,evidence_consecutive,full,2,0.5211700113405214,0.01945092463495482,2.1998486658306002,False,pullback,25.741774428131983,1.256693513278189,,,0.01945092463495482,up,full_size,limit,1.0,,,,,21,0.19034499396391588,pullback,,,,,0.5,0.5,True,False,False,1.0,0.0,0.0,4.653382956608766,4.891572486798297,69.2770084519766,39.724369329483686,349.26363331963665,361.76,1.0,0.0,0.0
DAWN,long,2024-07-30 04:00:00,14.921161866669749,2024-07-30 04:00:00,16.171765,927,1159.3091045971432,2.9005420701737505,0.0,2.9988450000000006,target_same_day,full,0,0.0,0.044274968956720936,2.2006541085346467,False,breakout,23.840734558769878,4.8371381378770755,,,0.044274968956720936,up,risk_cap,limit,4.0,,,,,25,,,,,,,,,,,,,,,,,,,,,,,
DAWN,long,2024-07-30 04:00:00,14.948421888515817,2024-07-30 04:00:00,16.171765,925,1131.5923781228698,2.6116267012208083,0.0,2.9923750000000005,target_same_day,full,0,0.0,0.04595918357286549,2.2022414767010856,False,pullback,23.840734558769878,4.8371381378770755,,,0.04595918357286549,up,risk_cap,limit,1.0,,,,,28,,,,,,,,,,,,,,,,,,,,,,,
ISRG,long,2024-07-25 04:00:00,439.651888935332,2024-07-31 04:00:00,444.30112199999996,31,144.12622500470655,0.4913641553439788,0.0,2.755218,evidence_consecutive,full,3,0.898141071275402,0.02300172867065389,2.200206661370785,False,breakout,24.000261853943535,0.9635481287201797,,,0.02300172867065389,up,risk_cap,limit,1.0,,,,,23,0.8129337585658446,breakout,,,,,0.5,1.0,True,False,False,2.0,0.0,0.0,3.6114289419561487,5.108095446093459,26.387822315056813,23.512475596750534,428.7015321212765,444.39,1.0,0.0,0.0
RCKY,long,2024-07-30 04:00:00,35.117022,2024-07-31 04:00:00,33.91,393,-474.3596460000008,-2.3806107032831,0.0,0.0,gap_fail_safe,full,0,0.0,,,,,,,,,,,,,,,,,,26,,,,,,,,,,,,,,,,,,,,,,,
PCVX,long,2024-07-30 04:00:00,80.88468989927176,2024-07-31 04:00:00,78.33433,171,-436.1115427754724,-1.0061822158223388,0.0,2.67957,stop,full,0,0.0,0.03049328432658371,2.19960244538397,False,pullback,38.789152193215166,1.0317001359897546,,,0.03049328432658371,up,risk_cap,limit,1.0,,,,,27,0.0,pullback,,,,,0.0,0.0,True,True,False,0.0,0.0,0.0,1.612113184980231,2.277619079323761,5.5593985135863235,9.594096107727985,77.10026686952688,78.98,1.0,1.0,0.0
OLLI,long,2024-07-31 04:00:00,97.85970219955998,2024-08-02 04:00:00,94.716053,145,-455.8291339361962,-1.1775280404226776,0.0,2.7473150000000004,stop,full,1,0.4421084121796684,0.025457242738884323,2.198858659743987,False,pullback,28.045228386962368,0.6861757825554194,,,0.025457242738884323,up,risk_cap,limit,1.0,,,,,29,0.5842232889559928,pullback,,,,,0.0,0.0,True,True,False,0.0,0.0,0.0,0.8324658411563064,1.6939872226011357,48.85942075069212,54.46291580271028,93.4731251963964,96.41,1.0,1.0,0.0
HAE,long,2024-08-01 04:00:00,88.53609360902567,2024-08-05 04:00:00,86.422712,160,-338.14105744410654,-1.0179606544897024,0.0,2.76608,stop,full,1,0.9796795202933302,0.025853464389496303,2.1983143588193954,False,pullback,20.58263720031638,1.7495949248894624,,,0.025853464389496303,up,risk_cap,limit,3.0,,,,,30,0.45570855038163444,pullback,,,,,0.0,0.0,True,True,True,0.0,0.0,0.0,0.6067354000359444,0.9047289856357116,39.984736866696636,45.522726475291186,87.98554782882657,86.66,1.0,1.0,1.0
PGRE,long,2024-08-01 04:00:00,5.06452011835989,2024-08-05 04:00:00,4.559088,1600,-808.6913893758236,-1.4256796502781321,0.0,1.4591999999999998,stop,full,1,0.0,0.025732729494099323,2.18740726260529,False,pullback,28.4479342465527,0.8252463193201426,,,0.025732729494099323,up,full_size,limit,2.0,,,,,31,0.8730678523741258,pullback,,,,,0.0,0.0,True,True,True,0.0,0.0,0.0,0.032611820477732145,0.11214497934170953,4.242295329930076,15.842691362213506,4.891297235879148,4.555,1.0,1.0,1.0
BRT,long,2024-08-01 04:00:00,18.446198510989614,2024-08-05 04:00:00,17.566486,737,-648.3481205993447,-1.7729043749750892,0.0,2.589818,stop,full,1,0.0,0.0180813106278882,2.204362699172384,False,pullback,22.834208928677747,2.057347670250896,,,0.0180813106278882,up,risk_cap,limit,1.0,,,,,33,0.45586293787638843,pullback,,,,,0.0,0.0,True,False,True,0.0,0.0,0.0,0.210054388752841,0.34217321313506105,3.2003763918657646,3.8022412371633987,17.97672912574471,17.395,1.0,0.0,1.0
R,long,2024-08-02 04:00:00,129.94411485620373,2024-08-05 04:00:00,126.304734,105,-382.1349899013916,-1.0069909233672063,0.0,2.65293,stop,full,0,0.0,0.026444220162192524,2.201337107518812,False,breakout,22.834490990930426,2.2284595300261096,,,0.026444220162192524,up,risk_cap,limit,3.0,,,,,34,0.0,breakout,,,,,0.0,0.0,True,True,False,0.0,0.0,0.0,2.6762116555117075,3.0913712665481143,18.41057398073508,39.77621521834129,127.34960765226946,129.28,1.0,1.0,0.0
GOOD,long,2024-08-02 04:00:00,14.642928000000001,2024-08-05 04:00:00,14.057188,1,-0.5857400000000013,-1.1201159624269479,0.0,0.0028120000000000003,stop,full,0,0.0,0.015789932969271007,2.193556283082936,False,pullback,16.84313611948326,0.9936325516384532,,,0.015789932969271007,up,risk_cap,limit,1.0,,,,,36,0.0,pullback,,,,,0.0,0.0,True,True,True,0.0,0.0,0.0,0.09284760081109233,0.1490796014396413,3.2786885245901183,20.513398306198617,14.403791408635458,14.06,1.0,1.0,1.0
UE,long,2024-08-05 04:00:00,19.413882,2024-08-05 04:00:00,19.686062,720,195.9695999999991,2.197090779935703,0.0,2.8353600000000005,target_same_day,full,0,0.0,0.01973310388152323,2.2288790946222714,False,pullback,37.65635116784768,0.6965316425162391,,,0.01973310388152323,up,risk_cap,limit,3.0,,,,,38,,,,,,,,,,,,,,,,,,,,,,,
BKD,long,2024-08-01 04:00:00,7.540006435813837,2024-08-06 04:00:00,7.228554000000001,886,-275.9468581310585,-0.48663953733182524,0.0,1.2811560000000002,evidence_consecutive,full,2,0.0,0.029256983725548646,2.2030927898298494,False,pullback,38.72350190468358,0.993689692632117,,,0.029256983725548646,up,full_size,limit,1.0,,,,,32,0.8515639926664219,pullback,,,,,0.5,0.5,True,False,False,1.0,0.0,0.0,0.09249608494961326,0.18760679011424472,20.751483190507614,20.891036503235068,7.235089220219373,7.23,1.0,0.0,0.0
MMC,long,2024-08-06 04:00:00,216.683328,2024-08-06 04:00:00,219.416108,62,169.4323600000012,2.1631595278502624,0.0,2.721304,target_same_day,full,0,0.0,0.013187031145447647,2.1979026824387775,False,breakout,20.123875071974844,0.8128523328523328,,,0.013187031145447647,up,risk_cap,limit,5.0,,,,,39,,,,,,,,,,,,,,,,,,,,,,,
MMC,long,2024-08-06 04:00:00,216.683328,2024-08-06 04:00:00,219.526086,62,176.2509960000002,2.164545338255209,0.0,2.722668,target_same_day,full,0,0.0,0.014364717573820853,2.1979825298783235,False,pullback,20.123875071974844,0.8128523328523328,,,0.014364717573820853,up,risk_cap,limit,4.0,,,,,40,,,,,,,,,,,,,,,,,,,,,,,
CBL,long,2024-08-02 04:00:00,25.109759346830472,2024-08-07 04:00:00,24.785042,3,-0.9741520404914148,-0.09412753591893633,0.0,0.014873999999999998,evidence_consecutive,full,2,0.0,0.015671310664992458,2.2002232301053692,False,pullback,31.71044537085727,1.1441860465116278,,,0.015671310664992458,up,bp_cap,limit,2.0,,,,,35,0.2956030390257206,pullback,,,,,0.5,0.5,True,False,False,1.0,0.0,0.0,0.3195365665534169,0.5759380129877092,34.939407884644886,20.491855117160878,24.1580723251904,24.79,1.0,0.0,0.0
PAG,long,2024-08-05 04:00:00,157.801554,2024-08-07 04:00:00,159.968,88,190.64724799999817,0.4340223505545519,0.0,2.816,stop,full,1,1.1265922396111496,0.02641457440252298,2.199404433969857,False,breakout,28.649984869650954,2.0612698092258,,,0.02641457440252298,up,risk_cap,limit,4.0,1.0,1.0,2024-08-06 04:00:00,2024-08-06 04:00:00,37,0.0,breakout,,,,,0.0,0.0,True,True,False,0.0,0.0,0.0,3.2234844266251343,3.461002240247211,14.861553815325777,16.386972131922704,155.98216233113996,159.545,1.0,1.0,0.0
CTAS,long,2024-08-06 04:00:00,742.673505,2024-08-07 04:00:00,742.524970299,18,-2.6736246180003036,-0.01757078288828335,0.0,2.673624618,stop,full,0,0.0,0.015380489476633825,2.199856154340728,False,pullback,31.849456492352314,1.0508156379227236,,,0.015380489476633825,up,risk_cap,limit,4.0,1.0,,2024-08-07 04:00:00,,42,0.0,pullback,,,,,0.0,0.0,True,True,False,0.0,0.0,0.0,9.557784141153888,13.141657334342609,18.30245147933248,21.396406928675344,722.9946905407795,739.38,1.0,1.0,0.0
TYRA,long,2024-08-06 04:00:00,19.873974,2024-08-07 04:00:00,19.376123999999997,677,-337.0444500000022,-1.0078465668233587,0.0,2.6240520000000003,stop,full,0,0.0,0.06514157167035148,2.1985489114811654,False,pullback,24.482698443214733,0.8362975712373303,,,0.06514157167035148,up,risk_cap,limit,4.0,,,,,43,0.0,pullback,,,,,0.0,0.0,True,False,False,0.0,0.0,0.0,0.48598973152420655,0.6990429548273186,19.30407801418436,20.184120460860253,19.119816866884868,19.485,1.0,0.0,0.0
NBIX,long,2024-08-07 04:00:00,144.56826550795034,2024-08-08 04:00:00,144.506093,95,-5.906388255283304,-0.032410793861784935,0.0,2.7461650000000004,stop,full,0,0.0,0.03025570336276881,2.200808216877424,False,breakout,22.582172749794726,1.0036844018906799,,,0.03025570336276881,up,risk_cap,limit,5.0,1.0,,2024-08-08 04:00:00,,45,0.0,breakout,,,,,0.0,0.0,True,True,False,0.0,0.0,0.0,1.563458853754753,1.9011995378334214,10.060810300688344,23.391404129776333,142.5136998147569,146.635,1.0,1.0,0.0
DEI,long,2024-08-06 04:00:00,14.822964,2024-08-09 04:00:00,15.016995999999999,915,177.53927999999837,0.4587435337286343,0.0,2.74866,stop,full,2,1.8016568785995961,0.033479027931604295,2.1917610009362467,False,pullback,41.315988562867304,0.8274943442501639,,,0.033479027931604295,up,risk_cap,limit,4.0,1.0,1.0,2024-08-07 04:00:00,2024-08-07 04:00:00,41,0.0,pullback,,,,,0.5,0.5,True,False,False,1.0,0.0,0.0,0.28541825838412116,0.39431005140799247,56.52173913043474,51.444568429988294,14.475201159720568,14.82,1.0,0.0,0.0
KYMR,long,2024-08-07 04:00:00,41.46947447299534,2024-08-12 04:00:00,42.476503,145,146.01913641567626,0.2643484118723731,0.0,1.2320650000000002,evidence_consecutive,full,2,0.31514203219235826,0.062414962986735975,2.199916441601764,False,pullback,30.49041610026543,1.0395624635856184,,,0.062414962986735975,up,full_size,limit,5.0,,,,,44,0.5393065336332156,pullback,,,,,0.5,0.5,True,False,False,1.0,0.0,0.0,1.0457699221115675,1.6188802610852613,56.45587495211561,51.548294658235534,39.20229775054538,42.485,1.0,0.0,0.0
IT,long,2024-08-07 04:00:00,468.06503233253454,2024-08-12 04:00:00,474.93499399999996,29,199.22888835649712,0.5290677367242616,0.0,2.755174,evidence_consecutive,full,2,1.1085815806094086,0.0225666128201716,2.199838008558107,False,pullback,19.71332040159894,0.6811335377565118,,,0.0225666128201716,up,risk_cap,limit,5.0,2.0,2.0,2024-08-09 04:00:00,2024-08-09 04:00:00,46,0.0,pullback,,,,,0.5,0.5,True,False,False,1.0,0.0,0.0,6.336561719820679,7.292334241880973,77.66061555177454,69.63360261142888,460.9539661831589,475.03,1.0,0.0,0.0
AXSM,long,2024-08-07 04:00:00,83.65435915468018,2024-08-12 04:00:00,84.94300799999999,87,112.1124495428237,0.4818533229034158,0.0,1.478304,evidence_consecutive,full,2,0.8658675635497228,0.03199469127929504,2.2007668024019336,False,pullback,17.960150347024264,0.7736548336682295,,,0.03199469127929504,up,risk_cap,limit,5.0,,,,,47,0.3549856618991454,pullback,,,,,1.0,1.0,True,True,False,1.0,1.0,0.0,0.9351996075206728,1.3726289188653233,68.73103130336987,77.09995847924972,81.62661152564903,84.96,1.0,1.0,0.0
PLYM,long,2024-08-08 04:00:00,23.31847353169822,2024-08-13 04:00:00,23.4953,582,102.9130045516358,0.2906066724188737,0.0,2.7354000000000003,evidence_consecutive,full,2,0.06824695921592601,0.02070645176228578,2.204740877647784,False,pullback,37.213427013145086,0.5042796005706134,,,0.02070645176228578,up,risk_cap,limit,1.0,,,,,48,0.2768789814538369,pullback,,,,,0.5,0.5,True,False,False,1.0,0.0,0.0,0.23497235507795367,0.39915510554317735,51.81818181818205,47.76015064693939,22.684996626874224,23.5,1.0,0.0,0.0
CWT,long,2024-08-09 04:00:00,52.29204600774211,2024-08-14 04:00:00,53.199358000000004,263,238.6230539638265,0.6517830497064893,0.0,2.798846,evidence_consecutive,full,2,0.48701981722394927,0.021302756742944746,2.196733423500762,False,pullback,26.01349932254911,1.1226782589058883,,,0.021302756742944746,up,risk_cap,limit,2.0,,,,,49,0.47559204513358033,pullback,,,,,0.5,0.5,True,False,False,1.0,0.0,0.0,0.6479197307850555,0.8395579848343284,62.536416755822536,43.9593386937944,51.32526706495817,53.21,1.0,0.0,0.0
FYBR,long,2024-08-12 04:00:00,27.223818267929826,2024-08-15 04:00:00,28.179363,430,410.88423479017445,0.7501421169152312,0.0,2.42391,evidence_consecutive,full,2,0.6093347470448852,0.03786018224974724,2.202968667289333,False,pullback,20.428130212942033,0.8117924038361666,,,0.03786018224974724,up,full_size,limit,5.0,3.0,,2024-08-15 04:00:00,,50,0.0,pullback,,,,,0.5,0.5,True,False,False,1.0,0.0,0.0,0.3124594566411645,0.35852810060252416,74.21377889677265,64.74111973218267,26.90114097362255,28.185,1.0,0.0,0.0
UFPT,long,2024-08-12 04:00:00,308.5532977498854,2024-08-15 04:00:00,321.755636,34,448.8795005038952,0.8183285559338508,0.0,2.1883760000000003,evidence_consecutive,full,2,0.5774828181163871,0.02772610490758906,2.200213669915485,False,pullback,27.096515708021222,0.45297504798464494,,,0.02772610490758906,up,full_size,limit,4.0,,,,,51,0.11921293338177452,pullback,,,,,0.5,0.5,True,False,False,1.0,0.0,0.0,4.781427005552814,6.329267880483082,81.3318732168601,68.02371538839178,295.29607952931786,321.82,1.0,0.0,0.0
FFIN,long,2024-08-13 04:00:00,34.791957,2024-08-16 04:00:00,35.672864,395,347.9582650000002,0.9253642759074275,0.0,2.81872,evidence_consecutive,full,2,1.069421202848462,0.032464533272410064,2.203926227760308,False,pullback,29.001241834175513,0.9667338415257455,,,0.032464533272410064,up,risk_cap,limit,4.0,2.0,2.0,2024-08-15 04:00:00,2024-08-15 04:00:00,52,0.621831658362718,pullback,,,,,0.5,0.5,True,False,False,1.0,0.0,0.0,0.5246309785699665,0.8578755663191651,78.35349341036283,56.1867966540289,33.42827351654227,35.68,1.0,0.0,0.0
PFS,long,2024-08-13 04:00:00,17.03307293942918,2024-08-16 04:00:00,18.076383999999997,308,321.33980665581214,1.0833146876592732,0.0,1.113728,evidence_consecutive,full,2,1.367421933121054,0.03321270965461132,2.198096295619666,False,pullback,28.120053513964187,0.8900366736429792,,,0.03321270965461132,up,bp_cap,limit,1.0,2.0,2.0,2024-08-15 04:00:00,2024-08-15 04:00:00,53,0.10702506031398946,pullback,,,,,0.5,0.5,True,False,False,1.0,0.0,0.0,0.343454961475544,0.4209104722562836,82.5135275155421,81.63477755827172,16.475120753561125,18.08,1.0,0.0,0.0
PKOH,long,2024-08-14 04:00:00,27.695538000000003,2024-08-19 04:00:00,29.869025,40,86.93947999999992,1.4341356006909716,0.0,0.23900000000000002,evidence_consecutive,full,2,1.0718715070159868,0.035660384270195904,2.2001836971425277,False,pullback,23.539849046031318,0.5616868550919695,,,0.035660384270195904,up,bp_cap,limit,2.0,1.0,1.0,2024-08-15 04:00:00,2024-08-15 04:00:00,55,0.0,pullback,,,,,0.5,0.5,True,False,False,1.0,0.0,0.0,0.4226349225153321,0.42657731406664706,95.86322079235588,84.32083772761189,27.441800858880534,29.875,1.0,0.0,0.0
AMC,long,2024-08-16 04:00:00,5.030029624807211,2024-08-21 04:00:00,5.008998,1099,-23.113755663125,-0.040443128244872735,0.0,1.1011980000000001,evidence_consecutive,full,2,0.12493591152018466,0.06117559382207584,2.1921258343991568,False,pullback,19.50227189844109,1.0221588451123964,,,0.06117559382207584,up,full_size,limit,2.0,,,,,56,0.20196854140021075,pullback,,,,,0.5,0.5,True,False,False,1.0,0.0,0.0,-0.00842287075160364,0.003464560461568404,34.02406417112306,21.89565774572962,4.961188913375572,5.01,1.0,0.0,0.0
DEI,long,2024-08-16 04:00:00,14.893804850534734,2024-08-21 04:00:00,15.086981999999999,959,185.25688633718954,0.3834364620750064,0.0,2.8942620000000003,evidence_consecutive,full,2,0.7963304621609779,0.033685527549660234,2.195681816662072,False,pullback,29.04127630711779,0.8100728557758808,,,0.033685527549660234,up,risk_cap,limit,1.0,,,,,57,0.04725014161627889,pullback,,,,,1.0,1.0,True,True,False,1.0,1.0,0.0,0.12139742064438153,0.18782250656810456,27.058823529411967,53.936228523438274,14.612794179322341,15.09,1.0,1.0,0.0
FFBC,long,2024-08-16 04:00:00,24.599919,2024-08-21 04:00:00,25.304938,577,406.79596300000003,0.7121986748410726,0.0,2.9207739999999998,evidence_consecutive,full,2,0.9193489568338432,0.028328230109690888,2.202282206928042,False,pullback,27.112290435468726,0.8209736859119415,,,0.028328230109690888,up,full_size,limit,1.0,,,,,58,0.0,pullback,,,,,1.0,1.0,True,True,False,1.0,1.0,0.0,0.13293758742026185,0.19157241588611923,79.09934795875748,87.15827253614106,24.284074402889804,25.31,1.0,1.0,0.0
BUSE,long,2024-08-16 04:00:00,25.315061999999998,2024-08-21 04:00:00,25.854827999999998,344,185.67950400000007,0.43007118373434994,0.0,1.779168,evidence_consecutive,full,2,0.7130627809622188,0.027569216617865346,2.2030290137060984,False,pullback,26.831458977793016,0.9644128113879004,,,0.027569216617865346,up,bp_cap,limit,1.0,,,,,59,0.0,pullback,,,,,1.0,1.0,True,True,False,1.0,1.0,0.0,0.01948712097192029,0.02479707570864952,73.05598650009514,85.62910835014638,25.115710710201856,25.86,1.0,1.0,0.0
SAH,long,2024-08-14 04:00:00,57.27523304432436,2024-08-22 04:00:00,59.673063,225,539.511740027019,0.9766201058667668,0.0,2.6858250000000004,evidence_consecutive,full,5,1.865308454634259,0.03652173669579555,2.2013254375871054,False,breakout,24.01616461531611,0.8925116172773673,,,0.03652173669579555,up,full_size,limit,5.0,1.0,1.0,2024-08-15 04:00:00,2024-08-15 04:00:00,54,0.0,breakout,,,,,0.5,1.0,False,True,False,0.0,2.0,0.0,1.04418246728045,0.9097347997534607,33.8680926916222,67.07240281720904,57.55488628422395,59.685,0.0,1.0,0.0
HWC,long,2024-08-19 04:00:00,49.5099,2024-08-22 04:00:00,50.409916,24,21.60038400000002,0.3658750355705513,0.0,0.242016,evidence_consecutive,full,2,0.29476808000325067,0.03302119258699935,2.1993170454083457,False,pullback,25.537673897147062,0.28880373733662273,,,0.03302119258699935,up,bp_cap,limit,3.0,,,,,60,0.01012236269767158,pullback,,,,,0.5,0.5,True,False,False,1.0,0.0,0.0,-0.2116983882282284,-0.20514716962040616,78.05393971443684,79.27208290424632,49.50924086236196,50.42,1.0,0.0,0.0
BIO,long,2024-08-21 04:00:00,319.23543052253115,2024-08-22 04:00:00,313.577272,45,-254.61713351390188,-1.4487925184914117,0.0,2.82276,stop,full,0,0.0,0.030378996669706518,2.200671456804865,False,pullback,22.86770578845816,0.9416552433173406,,,0.030378996669706518,up,risk_cap,limit,5.0,,,,,63,0.0,pullback,,,,,0.0,0.0,True,True,True,0.0,0.0,0.0,3.052087503014434,6.0728997695011815,0.4043502509759385,16.0995457124907,310.5177971363209,309.51,1.0,1.0,1.0
COLB,long,2024-08-21 04:00:00,23.373782192781235,2024-08-23 04:00:00,24.825034,621,901.2273722828523,2.186337360359199,0.0,3.083886,target,full,1,0.687300461175706,0.03367416761295251,2.1938187300825898,False,pullback,21.490411262327918,1.0949627705186658,,,0.03367416761295251,up,risk_cap,limit,5.0,2.0,,2024-08-23 04:00:00,,64,0.0,pullback,,,,,0.0,0.0,True,False,False,0.0,0.0,0.0,0.3918730577838474,0.45095479973894703,66.46184886280273,45.60731758284279,22.601738083817246,24.985,1.0,0.0,0.0
TFC,long,2024-08-22 04:00:00,42.012116943020864,2024-08-23 04:00:00,43.481302,175,257.1073849713487,2.1859068905119634,0.0,1.5221500000000001,target,full,0,0.0,0.02264600250566432,2.1988480908347956,False,pullback,21.999300272451116,1.3266959312873472,,,0.02264600250566432,up,risk_cap,limit,3.0,1.0,,2024-08-23 04:00:00,,68,0.0,pullback,,,,,0.0,0.0,True,False,False,0.0,0.0,0.0,0.34058280341027114,0.36915542285621195,61.74536984860447,46.19707371053885,41.21142887119534,43.84,1.0,0.0,0.0
DEI,long,2024-08-22 04:00:00,14.933528464310003,2024-08-23 04:00:00,15.266945999999999,1,0.3334175356899962,2.1716985002648252,0.0,0.003054,target,full,0,0.0,0.03016467682452896,2.1915905770450235,False,pullback,25.057150297562334,0.8687962498592674,,,0.03016467682452896,up,risk_cap,limit,1.0,1.0,,2024-08-23 04:00:00,,69,0.0,pullback,,,,,0.0,0.0,True,False,False,0.0,0.0,0.0,0.1654899581808511,0.17236838709343782,76.43251018940308,53.39588004945457,14.676877671877332,15.75,1.0,0.0,0.0
SBCF,long,2024-08-23 04:00:00,25.844275838768702,2024-08-23 04:00:00,26.79464,560,532.2039302895274,2.188388292394661,0.0,3.0016000000000003,target_same_day,full,0,0.0,0.028306308429337394,2.2007306783196916,False,pullback,19.208578160136604,1.8844601214971586,,,0.028306308429337394,up,risk_cap,limit,3.0,,,,,71,,,,,,,,,,,,,,,,,,,,,,,
SBCF,long,2024-08-23 04:00:00,25.837574130239897,2024-08-23 04:00:00,26.754648000000003,560,513.5613670656594,2.1961941685258353,0.0,2.9971200000000007,target_same_day,full,0,0.0,0.02724500735039254,2.2090110544687547,False,pullback,19.208578160136604,1.8844601214971586,,,0.02724500735039254,up,risk_cap,limit,2.0,,,,,72,,,,,,,,,,,,,,,,,,,,,,,
SBCF,long,2024-08-23 04:00:00,25.83680677848107,2024-08-23 04:00:00,26.724654,7,6.214930550632523,2.182478927302947,0.0,0.037422,target_same_day,full,0,0.0,0.026018484136441714,2.1956203012494684,False,pullback,19.208578160136604,1.8844601214971586,,,0.026018484136441714,up,risk_cap,limit,1.0,,,,,75,,,,,,,,,,,,,,,,,,,,,,,
RXO,long,2024-08-21 04:00:00,28.645542171932505,2024-08-26 04:00:00,29.54409,462,415.1290965671832,0.7156651908270595,0.0,2.73042,evidence_consecutive,full,2,0.8478073073635634,0.04048005215497807,2.201804041207553,False,pullback,22.640546481701737,0.8962470664799732,,,0.04048005215497807,up,full_size,limit,5.0,3.0,,2024-08-26 04:00:00,,62,0.2911428863993223,pullback,,,,,0.5,0.5,True,False,False,1.0,0.0,0.0,0.25585076019602937,0.3418571873305574,82.26255855273781,54.638726956203946,27.507291079047764,29.55,1.0,0.0,0.0
FYBR,long,2024-08-22 04:00:00,27.712058023138205,2024-08-26 04:00:00,29.164166,528,766.7130117830286,2.1933243403330374,0.0,3.0803520000000004,target,full,1,1.9302567633033936,0.03024634880645693,2.2021362568057756,False,breakout,15.32713297776282,0.6700925308571707,,,0.03024634880645693,up,risk_cap,limit,3.0,1.0,1.0,2024-08-23 04:00:00,2024-08-23 04:00:00,67,0.0,breakout,,,,,0.0,0.0,False,False,False,0.0,0.0,0.0,0.4574219530604573,0.4107433142048436,69.88999508357918,42.02924564020841,27.352036323078515,29.48,0.0,0.0,0.0
AMC,long,2024-08-22 04:00:00,5.0060009999999995,2024-08-27 04:00:00,5.038992,1,0.03299100000000088,0.2618312553075054,0.0,0.001008,stop,full,2,1.936484631074367,0.04852002932736095,2.1745779795398583,False,pullback,17.27834217679768,0.7200979150839875,,,0.04852002932736095,up,risk_cap,limit,1.0,2.0,2.0,2024-08-26 04:00:00,2024-08-26 04:00:00,70,0.6031777525575195,pullback,,,,,1.0,1.0,True,True,False,1.0,1.0,0.0,-0.013315834517778846,-0.006405248755508254,34.28571428571422,46.29578754578745,4.967795181402063,4.99,1.0,1.0,0.0
NSC,long,2024-08-23 04:00:00,238.237638,2024-08-27 04:00:00,244.25114000000002,40,240.54008000000067,2.1806712846283616,0.0,1.9544000000000004,target,full,1,2.018887903343359,0.019354866751650393,2.1983893462448574,False,pullback,15.47827325184644,0.7015166107752469,,,0.019354866751650393,up,risk_cap,limit,2.0,1.0,1.0,2024-08-26 04:00:00,2024-08-26 04:00:00,74,0.0,pullback,,,,,0.0,0.0,True,False,False,0.0,0.0,0.0,2.8783337200828214,3.0293133614458747,88.35844837643376,66.43653060919246,235.4254381607182,249.23,1.0,0.0,0.0
AVA,long,2024-08-27 04:00:00,38.138492939316755,2024-08-27 04:00:00,38.432311999999996,404,118.70290051602925,2.121545416919991,0.0,3.105952,target_same_day,full,0,0.0,0.016634681678826937,2.177057272166402,False,pullback,22.84091447911655,1.144892884468248,,,0.016634681678826937,up,risk_cap,limit,4.0,,,,,77,,,,,,,,,,,,,,,,,,,,,,,
AVA,long,2024-08-27 04:00:00,38.22514406804578,2024-08-27 04:00:00,38.692260000000005,404,188.7148365095071,2.171177370573967,0.0,3.1269600000000004,target_same_day,full,0,0.0,0.016336445888043963,2.207153263705965,False,pullback,22.84091447911655,1.144892884468248,,,0.016336445888043963,up,risk_cap,limit,1.0,,,,,78,,,,,,,,,,,,,,,,,,,,,,,
OCFC,long,2024-08-21 04:00:00,16.333266,2024-08-28 04:00:00,17.521494999999998,83,98.62300699999997,1.0968949454704584,0.0,0.290915,evidence_consecutive,full,4,1.5847760383876215,0.0341824534378465,2.2032760190018004,False,pullback,19.475842145746725,0.7595177664974619,,,0.0341824534378465,up,bp_cap,limit,5.0,2.0,2.0,2024-08-23 04:00:00,2024-08-23 04:00:00,65,0.0,pullback,,,,,0.5,1.0,False,True,False,0.0,2.0,0.0,0.20633422290334735,0.05022145004361482,66.74162918540728,75.59208085351266,16.519004478116223,17.525,0.0,1.0,0.0
SIGA,long,2024-08-22 04:00:00,9.394753689742512,2024-08-28 04:00:00,9.208158000000001,718,-133.9757052351227,-0.22902098154533174,0.0,1.3225560000000003,evidence_consecutive,full,3,0.49124823280515484,0.12238737987721464,2.2034221297295917,False,breakout,24.638331203375202,2.4870806016197453,,,0.12238737987721464,up,full_size,limit,3.0,,,,,66,0.5458750237548097,breakout,,,,,0.5,1.0,True,False,False,2.0,0.0,0.0,0.11415656706452104,0.2179629346758689,43.67079316925185,42.679767678085646,9.033535525733528,9.21,1.0,0.0,0.0
GWRE,long,2024-08-23 04:00:00,145.2015751524529,2024-08-28 04:00:00,147.280538,99,205.81732190716323,0.6534382335568245,0.0,2.916738,evidence_consecutive,full,2,0.9770081480396908,0.020072242641378468,2.199672964553901,False,pullback,17.690819874328856,1.391113123342604,,,0.020072242641378468,up,risk_cap,limit,2.0,,,,,73,0.0,pullback,,,,,0.5,0.5,True,False,False,1.0,0.0,0.0,1.4479136036243574,1.7236355928699758,54.2363433667781,48.60646599777025,141.51098548556416,147.31,1.0,0.0,0.0
SPSC,long,2024-08-28 04:00:00,196.6718545404072,2024-08-29 04:00:00,196.48069600000002,78,-14.91036615175949,-0.046376828326476806,0.0,3.0657120000000004,stop,full,0,0.0,0.02608892548852582,2.200015883796084,False,pullback,14.708086227138109,0.7294148795340217,,,0.02608892548852582,up,risk_cap,limit,5.0,1.0,,2024-08-29 04:00:00,,80,0.0,pullback,,,,,0.0,0.0,True,True,False,0.0,0.0,0.0,-0.38694791810601714,-0.4291199095615892,38.341443469248745,46.96789939757264,196.11672886811849,198.26,1.0,1.0,0.0
LXP,long,2024-08-20 04:00:00,9.779234509796241,2024-08-30 04:00:00,10.34793,1,0.5686954902037584,1.9005010170484768,0.0,0.0020700000000000002,evidence_consecutive,full,7,1.9575465764380804,0.02247002107485347,2.2081861168141868,False,pullback,21.63712411853159,0.5553919819176778,,,0.02247002107485347,up,risk_cap,limit,5.0,3.0,3.0,2024-08-23 04:00:00,2024-08-23 04:00:00,61,0.21466277348819507,pullback,,,,,0.5,1.0,False,True,False,0.0,2.0,0.0,0.1444974616033985,0.10098046364409034,79.65293668954976,84.44646457786325,9.776436470024166,10.35,0.0,1.0,0.0
OLLI,long,2024-08-27 04:00:00,94.76718934107203,2024-08-30 04:00:00,89.57208200000001,67,-348.07219185182515,-0.5642446515026414,0.0,1.200506,evidence_consecutive,full,2,0.06438562703207651,0.030850446386264465,2.1996735277923447,False,pullback,21.745720462759472,1.60190301372942,,,0.030850446386264465,up,full_size,limit,5.0,,,,,76,0.8957336528621646,pullback,,,,,1.5,1.5,True,False,True,1.0,0.0,1.0,-0.8508008804922582,-0.27399155939593667,12.18039772727274,8.488128303829344,93.54609136804507,89.59,1.0,0.0,1.0
RXO,long,2024-08-27 04:00:00,28.789702551860564,2024-08-30 04:00:00,28.424314,536,-195.84826379726312,-0.5148474539124281,0.0,3.047696,evidence_consecutive,full,2,0.5499451102665841,0.03528503950806957,2.198523091186497,False,pullback,18.818675382080972,0.6442477876106195,,,0.03528503950806957,up,risk_cap,limit,1.0,,,,,79,0.6618301577600156,pullback,,,,,1.0,1.0,True,True,False,1.0,1.0,0.0,0.07245453459277229,0.21622415173197265,7.311046511627911,13.620958593306817,27.656919136591156,28.43,1.0,1.0,0.0
UAA,long,2024-08-29 04:00:00,7.8168363736982815,2024-08-30 04:00:00,7.668466,670,-99.40815037784893,-1.0104470027511876,0.0,1.02778,stop,full,0,0.0,0.03765367630418979,2.200841781653866,False,pullback,30.087709980270926,1.4279528222409437,,,0.03765367630418979,up,risk_cap,limit,1.0,,,,,84,0.0,pullback,,,,,0.0,0.0,True,True,False,0.0,0.0,0.0,0.2618563587751579,0.3417619748694629,6.050531914893684,10.105360222030827,7.426253212707372,7.7,1.0,1.0,0.0
UFPI,long,2024-08-29 04:00:00,120.18396582267087,2024-09-03 04:00:00,118.516292,128,-213.46224930187054,-1.014421224378912,0.0,3.0346240000000004,stop,full,1,0.9160982281750559,0.0286829414670461,2.1995798984764456,False,breakout,15.49682784241708,1.1010870783368822,,,0.0286829414670461,up,risk_cap,limit,3.0,,,,,83,0.0,breakout,,,,,0.0,0.0,True,True,True,0.0,0.0,0.0,0.07990797803165606,0.32995227952765205,14.083297352175784,15.760191674167999,119.53506593725643,116.615,1.0,1.0,1.0
MLKN,long,2024-08-30 04:00:00,28.937447333785133,2024-09-03 04:00:00,28.424314,530,-271.9606669061213,-1.0112051037052219,0.0,3.01358,stop,full,0,0.0,0.026746316289976167,2.1924495255816057,False,pullback,15.512934573955581,0.9406169316483218,,,0.026746316289976167,up,risk_cap,limit,1.0,,,,,85,0.0,pullback,,,,,0.0,0.0,True,True,True,0.0,0.0,0.0,0.23073586565911697,0.30167996850416007,17.964181286549746,22.150342389829365,28.427787246434658,28.35,1.0,1.0,1.0
DSGN,long,2024-08-28 04:00:00,4.641031844171328,2024-09-04 04:00:00,4.79904,873,137.94112003843017,0.2222237402219615,0.0,0.83808,evidence_consecutive,full,3,0.378278635526009,0.06112267996988087,2.206607437754388,False,breakout,27.501444650660513,1.1891768292682927,,,0.06112267996988087,up,full_size,limit,2.0,,,,,81,0.11396373430470928,breakout,,,,,0.5,1.0,True,False,False,2.0,0.0,0.0,0.11536173838619845,0.14191195997354825,37.95206055508834,23.74906629186638,4.46014381059368,4.8,1.0,0.0,0.0
FC,long,2024-08-28 04:00:00,39.424904944119,2024-09-04 04:00:00,40.216955,393,311.27567196123266,0.5978165146086586,0.0,3.161685,evidence_consecutive,full,3,0.6642703386288769,0.021492842313214803,2.200229585390679,False,pullback,17.31390003302409,0.3301423027166882,,,0.021492842313214803,up,risk_cap,limit,1.0,,,,,82,0.0,pullback,,,,,0.5,1.0,False,True,False,0.0,2.0,0.0,0.07328613724922661,-0.03313546384673602,67.26170568561884,76.77845906106778,39.41524226882244,40.225,0.0,1.0,0.0
AMG,long,2024-09-03 04:00:00,170.51042727267196,2024-09-05 04:00:00,168.536286,17,-33.56040163542352,-1.0173745238869887,0.0,0.573138,stop,full,1,0.6130467985486442,0.018709559906664383,2.2003260763537087,False,pullback,16.790120057578516,0.9928478204124249,,,0.018709559906664383,up,risk_cap,limit,5.0,,,,,89,0.9020834211743645,pullback,,,,,0.0,0.0,True,True,False,0.0,0.0,0.0,0.7436922432600852,1.206314550579978,18.91562242166249,25.462309639479315,168.1791513684738,168.94,1.0,1.0,0.0
ATMU,long,2024-09-04 04:00:00,33.016602,2024-09-05 04:00:00,32.84343,462,-80.00546400000046,-0.7642121428760611,0.0,3.03534,stop,full,0,0.0,0.025870838280983195,2.221507312380318,False,breakout,32.16043715455104,1.1213819028013963,,,0.025870838280983195,up,risk_cap,limit,5.0,1.0,,2024-09-05 04:00:00,,90,0.0,breakout,,,,,0.0,0.0,True,True,False,0.0,0.0,0.0,0.7570281789842497,0.9243573328641632,12.0509190623224,22.290680538328292,31.94341635883918,33.21,1.0,1.0,0.0
FOUR,long,2024-09-05 04:00:00,76.96539,2024-09-05 04:00:00,76.28474,92,-62.6198,-1.0229339184538357,0.0,1.40392,stop_same_day,full,0,0.0,0.037427334394119605,2.201130164264571,False,pullback,23.712310962602935,0.762930704000736,,,0.037427334394119605,up,risk_cap,limit,2.0,,,,,93,,,,,,,,,,,,,,,,,,,,,,,
BCML,long,2024-09-03 04:00:00,22.421332533675333,2024-09-06 04:00:00,21.710657,692,-491.7874693033295,-0.797318067977305,0.0,3.0053560000000004,evidence_consecutive,full,2,0.0,0.015357380857914917,2.1974598618635315,False,breakout,15.930530427953602,1.12590799031477,,,0.015357380857914917,up,risk_cap,limit,5.0,,,,,86,0.09685782849117754,breakout,,,,,1.5,1.5,True,False,True,1.0,0.0,1.0,0.08175460008204638,0.16496862399790607,0.0,0.0,21.9922708671766,21.715,1.0,0.0,1.0
TPH,long,2024-09-03 04:00:00,43.02366980485615,2024-09-06 04:00:00,42.121574,172,-155.160478435257,-0.25102356472404275,0.0,1.4492720000000001,evidence_consecutive,full,2,0.04628421757588491,0.028367106654739065,2.2000714101390115,False,pullback,23.69046913748144,1.0666666666666667,,,0.028367106654739065,up,full_size,limit,5.0,,,,,87,0.2570268986894638,pullback,,,,,1.0,1.0,True,True,False,1.0,1.0,0.0,0.2780478515921203,0.48465255135503665,12.552301255230152,17.46422671299577,42.055875715546975,42.13,1.0,1.0,0.0
AROW,long,2024-09-04 04:00:00,28.90578,2024-09-06 04:00:00,28.764246,164,-23.211576000000008,-1.0423773751657062,0.0,0.943656,stop,full,1,0.509795257033445,0.023304162352328527,2.166887612314025,False,breakout,21.01543444647717,0.3975747076656561,,,0.023304162352328527,up,risk_cap,limit,5.0,,,,,91,0.0,breakout,,,,,0.0,0.0,True,False,False,0.0,0.0,0.0,0.19345687323411198,0.2935671170897346,3.044871794871875,4.059829059829153,28.3948407546662,28.58,1.0,0.0,0.0
UTL,long,2024-09-05 04:00:00,59.04191000389114,2024-09-06 04:00:00,58.758246,120,-34.03968046693677,-1.043227537905186,0.0,1.4104800000000002,stop,full,0,0.0,0.014926765049952075,2.199588053216005,False,pullback,21.268754377402438,0.8564862104187947,,,0.014926765049952075,up,risk_cap,limit,2.0,,,,,94,0.0,pullback,,,,,0.0,0.0,True,True,False,0.0,0.0,0.0,0.4447892127895443,0.6293971931579514,3.8626609442059627,20.62965891122646,57.56487671770053,58.7,1.0,1.0,0.0
SNEX,long,2024-09-03 04:00:00,79.69685821678429,2024-09-03 04:00:00,79.49409800000001,194,-39.335482056151164,-0.2097103931729023,0.0,3.0849880000000005,stale_data_exit,full,0,0.0,,,,,,,,,,,,,,,,,,88,,,,,,,,,,,,,,,,,,,,,,,
INN,long,2024-09-05 04:00:00,6.55828619254972,2024-09-06 04:00:00,6.388722,1662,-281.81568801763535,-0.4604141995544099,0.0,2.1240360000000003,stale_data_exit,full,1,0.0,,,,,,,,,,,,,,,,,,92,,,,,,,,,,,,,,,,,,,,,,,
CMA,long,2024-09-06 04:00:00,55.096017,2024-09-06 04:00:00,54.849028,275,-67.92197500000174,-0.40756117402648073,0.0,3.0173,stale_data_exit,full,0,0.0,,,,,,,,,,,,,,,,,,95,,,,,,,,,,,,,,,,,,,,,,,
MCY,long,2024-09-06 04:00:00,61.956506439162595,2024-09-06 04:00:00,62.057586,245,24.764492405164305,0.04253283692890917,0.0,3.0414300000000005,stale_data_exit,full,0,0.0,,,,,,,,,,,,,,,,,,96,,,,,,,,,,,,,,,,,,,,,,,
BRT,long,2024-09-09 04:00:00,18.243647999999997,2024-09-11 04:00:00,18.066386,822,-145.70936399999619,-1.0208122178199517,0.0,2.970708,stop,full,1,0.38210633004701067,0.01280954684405753,2.2249147701097054,False,pullback,14.059215219347282,0.5470332850940666,,,0.01280954684405753,up,risk_cap,limit,5.0,,,,,97,0.0,pullback,,,,,0.0,0.0,True,False,True,0.0,0.0,0.0,0.07054314573805698,0.1209665294222346,19.28104575163392,17.802676626205848,18.09531147272396,17.945,1.0,0.0,1.0
SMBC,long,2024-09-24 04:00:00,54.980993999999995,2024-09-27 04:00:00,54.499098,272,-131.07571199999973,-0.4080427165591016,0.0,2.965344,evidence_consecutive,full,2,0.02456066669263567,0.01822691353084508,2.200693652973687,False,pullback,33.60270791080477,0.4166666666666667,,,0.01822691353084508,up,risk_cap,limit,4.0,,,,,98,0.5004208319432577,pullback,,,,,0.5,0.5,True,False,False,1.0,0.0,0.0,0.3306555126239772,0.648791049398279,6.417291034175243,7.854869457105146,53.22789861271603,54.51,1.0,0.0,0.0
TCBX,long,2024-09-25 04:00:00,25.780154999999997,2024-09-30 04:00:00,27.079583,580,753.6682400000014,1.8828060363251844,0.0,3.1418600000000003,evidence_consecutive,full,2,1.5211727800276829,0.022325944087247383,2.202179220609877,False,pullback,37.4731078213619,1.1551356293812862,,,0.022325944087247383,up,risk_cap,limit,1.0,1.0,1.0,2024-09-26 04:00:00,2024-09-26 04:00:00,99,0.0,pullback,,,,,0.5,0.5,True,False,False,1.0,0.0,0.0,0.715528569869754,0.8262387274928751,72.04142011834321,44.45337678213335,24.74360116307979,27.085,1.0,0.0,0.0
PRCT,long,2024-09-26 04:00:00,78.21893197987501,2024-10-01 04:00:00,76.244748,84,-165.83145430950066,-0.27809591435326986,0.0,1.281168,evidence_consecutive,full,2,0.5016343346041885,0.04442500330895386,2.200481433602924,False,pullback,24.07819377098395,0.7452109442625419,,,0.04442500330895386,up,full_size,limit,2.0,,,,,101,0.0,pullback,,,,,0.5,0.5,True,False,False,1.0,0.0,0.0,1.5240247728769134,2.396435472881138,42.775767509298305,32.84999502962767,74.43202561392691,76.26,1.0,0.0,0.0
MLAB,long,2024-09-26 04:00:00,124.92498,2024-10-02 04:00:00,133.158363,120,988.0059600000004,3.52610429211385,0.0,3.19644,target,full,3,2.1691920273407055,0.030224563121768414,2.199170870842574,False,breakout,17.326064147834593,0.5493243243243243,,,0.030224563121768414,up,risk_cap,limit,3.0,2.0,2.0,2024-09-30 04:00:00,2024-09-30 04:00:00,100,0.0,breakout,,,,,0.0,0.5,False,False,False,0.0,0.0,0.0,1.640452685018488,1.4586963897220524,77.16087645694421,69.27769346320581,122.47298357995976,132.47,0.0,0.0,0.0
FLNC,long,2024-10-07 04:00:00,21.06446183513131,2024-10-07 04:00:00,21.805638,727,538.8350718595354,2.9127203475767205,0.0,3.1711739999999997,target_same_day,full,0,0.0,0.05449794123967759,2.18318854999222,False,pullback,20.941826459716673,0.7135865337011104,,,0.05449794123967759,up,risk_cap,limit,4.0,,,,,102,,,,,,,,,,,,,,,,,,,,,,,
FLNC,long,2024-10-09 04:00:00,20.609121000000002,2024-10-11 04:00:00,20.305937999999998,750,-227.38725000000315,-0.39938692250643054,0.0,3.0464999999999995,stop,full,1,0.37000557223420066,0.05783844314781653,2.2010707120472213,False,pullback,18.780763391766875,0.9804782866892268,,,0.05783844314781653,up,risk_cap,limit,2.0,2.0,,2024-10-11 04:00:00,,103,0.39403599689641433,pullback,,,,,0.0,0.0,True,False,False,0.0,0.0,0.0,0.4281405646416445,0.6791171364739352,40.51851851851854,37.09019904257999,20.121053767720145,21.69,1.0,0.0,0.0
GAMB,long,2024-10-17 04:00:00,9.87429157066365,2024-10-21 04:00:00,9.863027,1560,-17.572730235291658,-0.1080103654779333,0.0,3.07788,stop,full,1,1.6847807374867165,0.020730133915321452,2.164205869180761,False,pullback,18.24947677615652,0.5786322624167299,,,0.020730133915321452,up,risk_cap,limit,1.0,1.0,1.0,2024-10-18 04:00:00,2024-10-18 04:00:00,104,0.0,pullback,,,,,0.0,0.0,True,True,False,0.0,0.0,0.0,-0.01196892096983504,-0.012798754119580747,43.93939393939378,58.83541295305984,9.7840823945826,9.86,1.0,1.0,0.0
CBAN,long,2024-10-21 04:00:00,15.324437648433115,2024-10-22 04:00:00,15.09698,1006,-228.82239432371324,-1.0134558529778008,0.0,3.03812,stop,full,0,0.0,0.013404602783806119,2.2080179284830117,False,pullback,26.886243831646915,0.9702675916749257,,,0.013404602783806119,up,risk_cap,limit,3.0,,,,,106,0.0,pullback,,,,,0.0,0.0,True,True,False,0.0,0.0,0.0,0.14061887808888507,0.15095136641614554,12.734962406015146,31.852717788666123,14.91475204586041,15.27,1.0,1.0,0.0
CBNK,long,2024-10-18 04:00:00,25.00732394223319,2024-10-23 04:00:00,24.34513,617,-408.57366235787686,-1.0074088279569662,0.0,3.0047900000000003,stop,full,2,0.019284339048635985,0.017195833865871243,2.194771808958417,False,breakout,18.55078561018342,1.761211415259173,,,0.017195833865871243,up,risk_cap,limit,2.0,,,,,105,0.9467538031840261,breakout,,,,,0.5,0.5,True,False,False,1.0,0.0,0.0,-0.02605138592586087,0.03512400170883732,14.856126119231584,8.732829784376785,24.675304569607334,24.68,1.0,0.0,0.0
LFST,long,2024-10-21 04:00:00,6.930013523662881,2024-10-23 04:00:00,6.9986,2224,152.53632337375242,0.2540112636089702,0.0,3.1136,stop,full,1,1.3332164680261431,0.029649562613711405,2.1850256547658446,False,pullback,25.160846047301323,1.3196053002537356,,,0.029649562613711405,up,risk_cap,limit,3.0,1.0,1.0,2024-10-22 04:00:00,2024-10-22 04:00:00,107,0.0,pullback,,,,,0.0,0.0,True,False,False,0.0,0.0,0.0,0.12376391903725636,0.13614060375459547,50.75367647058832,48.413259534583084,6.695491802688878,6.985,1.0,0.0,0.0
CDRE,long,2024-10-21 04:00:00,38.074212756396186,2024-10-23 04:00:00,37.052588,403,-411.7147768276629,-1.515285415032772,0.0,2.9870360000000002,stop,full,1,0.0,0.021703328462502287,2.2037364756277675,False,pullback,20.36984504020523,0.7474512609551064,,,0.021703328462502287,up,risk_cap,limit,3.0,,,,,108,0.7033577337381659,pullback,,,,,0.0,0.0,True,True,False,0.0,0.0,0.0,0.3272507661572206,0.600757058766044,11.421455507401253,37.5070187549454,37.09807229314743,37.38,1.0,1.0,0.0
NRIM,long,2024-10-23 04:00:00,69.023802,2024-10-24 04:00:00,68.19635799999999,223,-184.52001200000313,-1.0167632913165663,0.0,3.042166,stop,full,0,0.0,0.016133490713151434,2.194880327155718,False,pullback,18.293931017558698,1.0796074154852782,,,0.016133490713151434,up,risk_cap,limit,5.0,,,,,111,0.0,pullback,,,,,0.0,0.0,True,True,True,0.0,0.0,0.0,0.2812888414192116,0.661817806388549,7.669082125603788,19.737204182718635,67.7424869161281,65.605,1.0,1.0,1.0
FMAO,long,2024-10-23 04:00:00,27.125424000000002,2024-10-28 04:00:00,26.94461,568,-102.7023520000009,-0.9252394792860604,0.0,3.06152,evidence_weighted,full,2,0.0,0.012312575111093526,2.223759620108023,False,breakout,19.10401215303898,0.0,,,0.012312575111093526,up,risk_cap,limit,5.0,,,,,109,0.027755035205508805,breakout,,,,,1.0,1.0,True,True,False,1.0,1.0,0.0,0.13522394116762015,0.20350871049967117,5.882352941176515,7.955793036725306,26.68750451025759,26.95,1.0,1.0,0.0
GWRS,long,2024-10-23 04:00:00,12.592518,2024-10-28 04:00:00,12.39752,1224,-238.677552,-0.7722142579934888,0.0,3.03552,evidence_consecutive,full,2,0.0,0.013872420262941224,2.2076921249178265,False,breakout,20.680117323586355,0.8463768115942029,,,0.013872420262941224,up,risk_cap,limit,1.0,,,,,112,0.7623931759320111,breakout,,,,,1.5,1.5,True,False,True,1.0,0.0,1.0,0.021202424396335573,0.03421600798016116,0.0,0.0,12.559057532083061,12.4,1.0,0.0,1.0
EML,long,2024-10-24 04:00:00,32.31684844406221,2024-10-28 04:00:00,31.555,470,-358.0687687092386,-1.827638929482272,0.0,0.0,gap_fail_safe,full,1,0.0,,,,,,,,,,,,,,,,,,113,,,,,,,,,,,,,,,,,,,,,,,
DAWN,long,2024-10-23 04:00:00,14.21523284901339,2024-10-29 04:00:00,14.397120000000001,874,158.96936996229832,0.25791077548510216,0.0,2.5171200000000002,stop,full,3,1.070238222797646,0.04039206364482505,2.2046153311799155,False,breakout,27.977420948507124,1.0063481071098799,,,0.04039206364482505,up,full_size,limit,5.0,2.0,2.0,2024-10-25 04:00:00,2024-10-25 04:00:00,110,0.049959171729848074,breakout,,,,,1.0,1.0,True,True,False,1.0,1.0,0.0,0.12261090957836451,0.13919312705928977,36.30542402066287,43.188764528626734,14.257284848528924,14.34,1.0,1.0,0.0
EPSN,long,2024-10-29 04:00:00,5.862051435046702,2024-11-01 04:00:00,5.74885,2561,-289.9088751546035,-1.0102631438813852,0.0,2.94515,stop,full,2,0.5617827645586297,0.029390775122135396,2.2128102585206157,False,pullback,14.5968277725009,0.7950819672131147,,,0.029390775122135396,up,risk_cap,limit,5.0,,,,,114,0.4645316235799013,pullback,,,,,1.5,1.5,True,False,True,1.0,0.0,1.0,0.04160802193139279,0.09314781507386416,21.59090909090916,17.42424242424251,5.7107419863326045,5.66,1.0,0.0,1.0
CCBG,long,2024-10-31 04:00:00,34.760945672206155,2024-11-05 05:00:00,35.652868,430,383.5266009513524,2.1188537777792793,0.0,3.06676,evidence_consecutive,full,2,0.4491181173167192,0.018016556060969458,2.20706468586486,False,pullback,23.484733419755287,2.004868549172347,,,0.018016556060969458,up,risk_cap,limit,2.0,3.0,,2024-11-05 05:00:00,,115,0.655537496703412,pullback,,,,,0.5,0.5,True,False,False,1.0,0.0,0.0,0.2136432048489283,0.23358052335158383,57.67195767195785,36.4205547538884,34.28765215240961,35.66,1.0,0.0,0.0
PLBC,long,2024-11-01 04:00:00,41.48142159056569,2024-11-06 05:00:00,45.4909,362,1451.4311842152222,7.01667293576542,0.0,3.2942,target,full,2,0.0,0.014772672743781336,2.2025391238513694,False,pullback,28.05521573710589,0.9224489795918367,,,0.014772672743781336,up,risk_cap,limit,3.0,3.0,,2024-11-06 05:00:00,,116,0.17748995179772767,pullback,,,,,0.0,0.0,False,False,False,0.0,0.0,0.0,0.5462461347614251,0.46828826637561016,40.20270270270272,17.537153942263476,40.97914747706348,44.95,0.0,0.0,0.0
MLYS,long,2024-11-05 05:00:00,13.442544386942012,2024-11-06 05:00:00,13.977204,1108,592.4028512682506,4.033815579771785,0.0,3.0979680000000003,target,full,0,0.0,0.03171140480571858,2.1687498029150754,False,pullback,25.063865446221985,1.1731750146333306,,,0.03171140480571858,up,risk_cap,limit,1.0,1.0,,2024-11-06 05:00:00,,117,0.0,pullback,,,,,0.0,0.0,True,False,False,0.0,0.0,0.0,0.3043015172086001,0.31696765553285167,78.10845170525644,62.946501563276854,13.092375395557696,14.98,1.0,0.0,0.0
DERM,long,2024-11-11 05:00:00,5.641127999999999,2024-11-14 05:00:00,5.1089780000000005,1170,-622.6154999999986,-1.001924206594267,0.0,1.1957400000000002,stop,full,2,0.0,0.05884632918006165,2.2007350393878737,False,pullback,19.249942158300865,1.3347232752084912,,,0.05884632918006165,up,full_size,limit,3.0,,,,,118,0.849377174617041,pullback,,,,,2.0,2.0,True,True,True,1.0,1.0,1.0,-0.11434471838889593,-0.03839465189681168,3.9473684210526794,22.555969047197166,5.555554530077802,5.11,1.0,1.0,1.0
MLNK,long,2024-11-14 05:00:00,22.75355793502459,2024-11-15 05:00:00,22.24555,677,-343.92137201164525,-1.0088371162293,0.0,3.01265,stop,full,0,0.0,0.030503980234811892,2.1972487930736007,False,pullback,25.34558496164689,1.1836473818767161,,,0.030503980234811892,up,risk_cap,limit,1.0,,,,,119,0.0,pullback,,,,,0.0,0.0,True,True,True,0.0,0.0,0.0,0.4433180884668104,0.48715904093530604,4.350244770805525,10.794966186409384,22.306932425896463,22.0,1.0,1.0,1.0
GWRS,long,2024-11-15 05:00:00,12.632526,2024-11-20 05:00:00,12.84743,1216,261.32326399999863,2.9631304635578863,0.0,3.1251200000000003,evidence_consecutive,full,2,0.0,0.019778764365822227,2.1712765077351444,False,pullback,16.084625514151888,2.28021978021978,,,0.019778764365822227,up,risk_cap,limit,3.0,3.0,,2024-11-20 05:00:00,,120,0.2416512698894215,pullback,,,,,0.5,0.5,True,False,False,1.0,0.0,0.0,0.038923684206299214,0.057955258370686644,51.78571428571456,18.22991822991848,12.651514324779862,12.85,1.0,0.0,0.0
LWAY,long,2024-11-19 05:00:00,24.394878000000002,2024-11-22 05:00:00,24.265145999999998,626,-81.21223200000261,-0.18147432149262357,0.0,3.038604,evidence_consecutive,full,2,0.944387713707788,0.04681234664707399,2.203343787331533,False,pullback,31.110495111570504,0.6578751857355126,,,0.04681234664707399,up,risk_cap,limit,1.0,,,,,122,0.7202319836391683,pullback,,,,,1.0,1.0,True,True,False,1.0,1.0,0.0,-0.31757894801693354,-0.2644796153092659,28.695468618069334,52.41224874316069,23.988815357820734,24.27,1.0,1.0,0.0
SKYH,long,2024-11-19 05:00:00,11.385841836819255,2024-11-25 05:00:00,11.017795999999999,1342,-493.91751301144166,-1.0060244613332445,0.0,2.957768,stop,full,3,0.5170490199408174,0.037860345016186445,2.198103339334698,False,breakout,20.22174332530876,0.8175895765472313,,,0.037860345016186445,up,risk_cap,limit,4.0,,,,,121,0.7539920508204082,breakout,,,,,1.5,2.0,True,False,True,2.0,0.0,1.0,0.045267544176791574,0.08180886959929802,30.42398777692904,23.288575630015064,11.30138474864605,11.17,1.0,0.0,1.0
BLFY,long,2024-12-03 05:00:00,10.974150184941713,2024-12-06 05:00:00,10.837832,1386,-188.9370043292139,-0.6365541312925564,0.0,3.0048480000000004,evidence_consecutive,full,2,0.3541898181359583,0.01594070477913036,2.222037843151061,False,pullback,22.237544284397735,1.0358480470840021,,,0.01594070477913036,up,risk_cap,limit,1.0,,,,,123,0.43964559249546264,pullback,,,,,0.5,0.5,True,False,False,1.0,0.0,0.0,0.11819166991234553,0.19200254146957438,3.641025641025436,1.98290598290587,10.708608930658063,10.84,1.0,0.0,0.0
PAMT,long,2024-12-04 05:00:00,18.293658,2024-12-09 05:00:00,18.286341999999998,831,-6.079596000002482,-0.015778871495807145,0.0,3.039798,evidence_consecutive,full,2,0.0,0.036303425447398,2.192007902376305,False,pullback,23.071367041234218,1.155680224403927,,,0.036303425447398,up,risk_cap,limit,1.0,,,,,124,0.007889435747903573,pullback,,,,,1.0,1.0,True,True,False,1.0,1.0,0.0,0.19122378193135603,0.3503760246367545,0.0,12.790697674418551,17.996503041082423,18.29,1.0,1.0,0.0
FNLC,long,2024-12-05 05:00:00,28.330665,2024-12-10 05:00:00,28.604278,536,146.65656800000053,0.5357974405921716,0.0,3.0669920000000004,evidence_consecutive,full,2,0.0,0.017447443362284897,2.1919164227037307,False,pullback,22.079348439712867,0.8641618497109826,,,0.017447443362284897,up,risk_cap,limit,2.0,3.0,,2024-12-10 05:00:00,,125,0.17754300764689457,pullback,,,,,0.5,0.5,True,False,False,1.0,0.0,0.0,0.21139013352559033,0.3475996368145862,27.15725806451622,10.396505376344129,27.80944501187048,28.61,1.0,0.0,0.0
DRUG,long,2024-12-06 05:00:00,39.577914,2024-12-11 05:00:00,36.9926,161,-416.23555399999947,-0.6861393333287327,0.0,1.1914,evidence_consecutive,full,2,0.0,0.11834581517844443,2.2007099949733466,False,pullback,27.24945399983306,0.181720574419541,,,0.11834581517844443,up,full_size,limit,1.0,,,,,126,0.6841753819221993,pullback,,,,,1.0,1.0,True,True,False,1.0,1.0,0.0,0.5582865783799775,1.5063071173761478,4.039497307001813,5.790943546778377,33.758729101584635,37.0,1.0,1.0,0.0
CTKB,long,2024-12-12 05:00:00,6.435336916714478,2024-12-13 05:00:00,6.34873,2346,-203.17982661216607,-1.1495946541416497,0.0,2.97942,stop,full,0,0.0,0.04890090759651605,2.1856891742674383,False,pullback,17.03424292292115,0.7203239608801956,,,0.04890090759651605,up,risk_cap,limit,1.0,,,,,128,0.0,pullback,,,,,0.0,0.0,True,True,False,0.0,0.0,0.0,0.13926196271543922,0.2129136521870543,13.701923076923046,27.919849063466035,6.117583706134869,6.21,1.0,1.0,0.0
PAMT,long,2024-12-10 05:00:00,18.293658,2024-12-10 05:00:00,18.286341999999998,827,-6.05033200000247,-0.07057824769919381,0.0,3.025166,stale_data_exit,full,0,0.0,,,,,,,,,,,,,,,,,,127,,,,,,,,,,,,,,,,,,,,,,,
FMAO,long,2024-12-16 05:00:00,32.0064,2024-12-17 05:00:00,31.99999872,471,-3.0150028799993507,-0.020891906005217432,0.0,3.0150028800000004,stop,full,0,0.0,0.016857512522936807,2.1984334203655367,False,pullback,22.44762317328695,1.5896007428040855,,,0.016857512522936807,up,risk_cap,limit,5.0,1.0,,2024-12-17 05:00:00,,131,0.0,pullback,,,,,0.0,0.0,True,False,False,0.0,0.0,0.0,0.443935079412654,0.7197585924544877,29.439252336448764,21.782781081846604,30.74785500005172,31.905,1.0,0.0,0.0
BHRB,long,2024-12-13 05:00:00,69.0815026005768,2024-12-18 05:00:00,68.13637,218,-206.038906925742,-1.014632272622284,0.0,2.9713400000000005,stop,full,2,0.8894203826271537,0.016442740930428967,2.1991322387664365,False,pullback,16.948467630458815,0.5820714718352513,,,0.016442740930428967,up,risk_cap,limit,1.0,,,,,130,0.3827177727212514,pullback,,,,,1.5,1.5,True,False,True,1.0,0.0,1.0,0.29777659778881116,0.907418126803947,17.464539007092142,14.995156330542613,67.06892011870492,64.36,1.0,0.0,1.0
DEC,long,2024-12-17 05:00:00,15.616355308209242,2024-12-18 05:00:00,15.6132320371476,967,-3.0202031166069627,-0.026842531808042167,0.0,3.0202031166076675,stop,full,0,0.0,0.03300894173209734,2.179915086767064,False,pullback,34.54239250962282,0.34038578680203047,,,0.03300894173209734,up,risk_cap,limit,1.0,1.0,,2024-12-18 05:00:00,,132,0.0,pullback,,,,,0.0,0.0,True,True,False,0.0,0.0,0.0,0.5102087315048696,0.7262459960232432,4.262319882001484,28.70194045548114,14.525994632636962,15.13,1.0,1.0,0.0
STRT,long,2024-12-18 05:00:00,41.60985138333855,2024-12-18 05:00:00,42.746449000000005,364,413.72153246476944,2.4190577211570776,0.0,3.1125640000000003,target_same_day,full,0,0.0,0.02251321005998759,2.1924988479158696,False,breakout,21.58630944461387,1.1653799268590004,,,0.02251321005998759,up,risk_cap,limit,2.0,,,,,133,,,,,,,,,,,,,,,,,,,,,,,
STRT,long,2024-12-18 05:00:00,41.76394433845265,2024-12-19 05:00:00,40.53,363,-447.92179485831264,-1.9776513102318805,0.0,0.0,gap_fail_safe,full,0,0.0,,,,,,,,,,,,,,,,,,134,,,,,,,,,,,,,,,,,,,,,,,
IBEX,long,2024-12-13 05:00:00,19.973046995331558,2024-12-17 05:00:00,20.445909999999998,757,357.9572945340092,1.0919438531293741,0.0,3.09613,stale_data_exit,full,2,1.1013885555383356,,,,,,,,,,,,,,,,,,129,,,,,,,,,,,,,,,,,,,,,,,
APLD,long,2025-01-08 05:00:00,8.661244312413299,2025-01-08 05:00:00,8.39832,1740,-457.4883035991398,-1.0064307620115478,0.0,2.9232,stop_same_day,full,0,0.0,0.106789736491589,2.2153810057732017,False,breakout,16.086524190740597,1.031649127125772,,,0.106789736491589,up,risk_cap,limit,1.0,,,,,137,,,,,,,,,,,,,,,,,,,,,,,
CXDO,long,2025-01-08 05:00:00,5.318723257617192,2025-01-10 05:00:00,5.158968,2834,-452.7464000871224,-1.0065018826824317,0.0,2.9246880000000006,stop,full,0,0.0,0.03884436173274709,2.213139697712204,False,breakout,17.928069596046736,1.9524239686841314,,,0.03884436173274709,up,risk_cap,limit,2.0,,,,,135,0.0,breakout,,,,,0.0,0.0,False,True,True,0.0,0.0,0.0,0.06949697993447668,0.052620495781654286,18.42696629213483,41.44630532588982,5.277993384175996,5.26,0.0,1.0,1.0
CNM,long,2025-01-08 05:00:00,50.36007,2025-01-10 05:00:00,50.349997986,299,-3.011532186000636,-0.013987548432794214,0.0,3.011532186,stop,full,0,0.0,0.029685345753136635,2.1941339036482534,False,pullback,25.82273898870439,1.2599063599616134,,,0.029685345753136635,up,risk_cap,limit,2.0,1.0,,2025-01-10 05:00:00,,136,0.0,pullback,,,,,0.0,0.0,True,True,False,0.0,0.0,0.0,0.4601676025401886,0.7357218871998337,37.44802663108941,41.11154145764835,49.43799388258094,50.55,1.0,1.0,0.0
VSTS,long,2025-01-27 05:00:00,15.918182999999999,2025-01-27 05:00:00,16.196759999999998,932,259.6337639999986,2.1732757073870848,0.0,3.0196799999999997,target_same_day,full,0,0.0,0.02675081386072071,2.1985520700873,False,pullback,14.5830155195498,0.519919028340081,,,0.02675081386072071,up,risk_cap,limit,5.0,,,,,138,,,,,,,,,,,,,,,,,,,,,,,
VSTS,long,2025-01-27 05:00:00,15.918182999999999,2025-01-27 05:00:00,16.176764,932,240.99749199999954,2.1879711972111306,0.0,3.015952,target_same_day,full,0,0.0,0.025804796204443658,2.2153524618600327,False,pullback,14.5830155195498,0.519919028340081,,,0.025804796204443658,up,risk_cap,limit,4.0,,,,,139,,,,,,,,,,,,,,,,,,,,,,,
NRDS,long,2025-02-03 05:00:00,14.062812000000001,2025-02-04 05:00:00,14.0599994376,1064,-2.9925663936008817,-0.006077116410120785,0.0,2.9925663936,stop,full,0,0.0,0.03598799513654865,2.197842752564748,False,pullback,15.782780988409192,0.8763056624518967,,,0.03598799513654865,up,risk_cap,limit,3.0,1.0,,2025-02-04 05:00:00,,141,0.0,pullback,,,,,0.0,0.0,True,False,False,0.0,0.0,0.0,0.20907286295346417,0.20998730400230328,27.931884728001275,26.962821548930165,13.933776213078767,14.51,1.0,0.0,0.0
AVDX,long,2025-02-03 05:00:00,10.382076000000001,2025-02-05 05:00:00,10.757848,1442,541.8632239999968,2.183756014784145,0.0,3.103184,target,full,1,1.8185220483972073,0.027575466575847557,2.1962621167390988,False,breakout,18.316521709692644,1.1443375516528926,,,0.027575466575847557,up,risk_cap,limit,5.0,1.0,1.0,2025-02-04 05:00:00,2025-02-04 05:00:00,140,0.0,breakout,,,,,0.0,0.0,False,False,False,0.0,0.0,0.0,0.07987676886227568,0.02722518751252514,64.78260869565216,54.00835618226927,10.377539802657592,10.815,0.0,0.0,0.0
NRDS,long,2025-02-05 05:00:00,14.166127610408482,2025-02-07 05:00:00,13.89722,1063,-285.84878986421586,-1.0104461164166036,0.0,2.9551400000000005,stop,full,1,0.2963705624923879,0.03498918873362952,2.193956458314588,False,pullback,16.233151974859975,0.8653397391901166,,,0.03498918873362952,up,risk_cap,limit,1.0,,,,,142,0.7745442500013212,pullback,,,,,0.0,0.0,True,True,False,0.0,0.0,0.0,0.11849791401944287,0.17932760915472917,23.420764105591743,27.52186042246156,13.95602594546972,13.99,1.0,1.0,0.0
SOLV,long,2025-02-12 05:00:00,73.02454546194481,2025-02-13 05:00:00,74.005196,205,201.0333603013133,2.1574311486014537,0.0,3.03482,target,full,0,0.0,0.02079851861093362,2.189999948071275,False,pullback,31.362325495477496,0.6872338858195212,,,0.02079851861093362,up,risk_cap,limit,2.0,1.0,,2025-02-13 05:00:00,,143,0.0,pullback,,,,,0.0,0.0,True,False,False,0.0,0.0,0.0,0.9601705057068557,1.1889823070994896,44.414810375253985,32.83310580583581,71.75694741094505,74.29,1.0,0.0,0.0
ARIS,long,2025-03-05 05:00:00,27.885391551887206,2025-03-06 05:00:00,26.584682,465,-604.8299416275506,-1.0041053224349437,0.0,2.47287,stop,full,0,0.0,0.06633062912603502,2.203664555287567,False,pullback,15.781863389649013,0.7399198597545705,,,0.06633062912603502,up,full_size,limit,1.0,,,,,144,0.0,pullback,,,,,0.0,0.0,True,True,True,0.0,0.0,0.0,0.4126046196890236,0.47366618444793296,17.82851752939778,38.51600640116388,26.952853348393734,26.56,1.0,1.0,1.0
WBD,long,2025-03-06 05:00:00,10.713290529828372,2025-03-07 05:00:00,10.672865,1417,-57.28297576680343,-0.13783441917483133,0.0,3.0252950000000003,stop,full,0,0.0,0.04787475400428738,2.205013133393939,False,breakout,23.661553459000338,1.7670288164734274,,,0.04787475400428738,up,risk_cap,limit,1.0,1.0,,2025-03-07 05:00:00,,145,0.0,breakout,,,,,0.0,0.0,False,True,False,0.0,0.0,0.0,0.22839199706848134,0.20671091700235703,21.800947867298646,37.836940306361136,10.473549691733007,11.07,0.0,1.0,0.0
WBD,long,2025-03-10 04:00:00,10.728931748959564,2025-03-10 04:00:00,10.4979,1390,-321.1341310537945,-1.0091730396047922,0.0,2.9190000000000005,stop_same_day,full,0,0.0,0.05005512369039105,2.1887232911890253,False,pullback,21.823820094570884,1.2799079665886153,,,0.05005512369039105,up,risk_cap,limit,2.0,,,,,146,,,,,,,,,,,,,,,,,,,,,,,
CXDO,long,2025-03-13 04:00:00,6.141228,2025-03-18 04:00:00,5.818836,1208,-389.44953599999974,-0.6562980937568708,0.0,1.406112,evidence_consecutive,full,2,0.09928587132655411,0.07043485672128554,2.196071885153128,False,pullback,26.673753482216735,0.6531275385865151,,,0.07043485672128554,up,full_size,limit,1.0,,,,,147,0.9592857084693878,pullback,,,,,1.5,1.5,True,False,True,1.0,0.0,1.0,-0.02303900016429239,0.06840805801047153,22.567495322106417,23.497363369055474,5.967516132603352,5.82,1.0,0.0,1.0
KVUE,long,2025-04-03 04:00:00,23.336234114771283,2025-04-04 04:00:00,22.735452,631,-379.0935144206806,-1.0076278761770356,0.0,2.869788,stop,full,0,0.0,0.02043828048982894,2.2034396433902064,False,pullback,25.411798610642936,1.056913194745812,,,0.02043828048982894,up,risk_cap,limit,1.0,,,,,148,0.0,pullback,,,,,0.0,0.0,True,True,True,0.0,0.0,0.0,0.17700596981073957,0.285031848966821,19.251488095238102,50.26390716399656,22.861026155904387,22.35,1.0,1.0,1.0
SRBK,long,2025-05-27 04:00:00,13.048384136271808,2025-05-29 04:00:00,12.94741,1122,-113.29298089696952,-1.0263253823039535,0.0,2.90598,stop,full,1,0.42299363805174656,0.011389855452084693,2.1509144842574313,False,pullback,32.498973519521755,0.9380030454644334,,,0.011389855452084693,up,risk_cap,limit,5.0,,,,,149,0.7967151945640233,pullback,,,,,0.0,0.0,True,False,False,0.0,0.0,0.0,0.10965611517505103,0.17125010426416956,7.661290322580592,5.740438274125492,12.749113449392684,12.93,1.0,0.0,0.0
BBUC,long,2025-06-11 04:00:00,28.425684,2025-06-16 04:00:00,28.034392,514,-201.12408799999997,-0.8056514112056413,0.0,2.882512,evidence_consecutive,full,2,0.35890826133865095,0.022982662516829535,2.191375462234704,False,pullback,15.443628678650523,0.8822727272727273,,,0.022982662516829535,up,risk_cap,limit,2.0,,,,,150,0.7838100493324865,pullback,,,,,0.5,0.5,True,False,False,1.0,0.0,0.0,0.25940772367393095,0.46545456545183644,7.683013503908805,6.607148361573214,27.637075412916143,28.04,1.0,0.0,0.0
CEG,long,2025-07-01 04:00:00,302.7336045440114,2025-07-08 04:00:00,312.667454,31,307.9493331356464,0.5342616291787302,0.0,1.9389260000000001,evidence_consecutive,full,3,0.9469059866425497,0.033616881012511424,2.2000250332936946,False,breakout,37.01003553974041,1.8203644918545254,,,0.033616881012511424,up,full_size,limit,5.0,,,,,151,0.0,breakout,,,,,0.5,1.0,True,False,False,2.0,0.0,0.0,6.993015042351146,8.525767077844328,64.02833149861665,47.540874449889905,291.2351473833885,312.73,1.0,0.0,0.0
CEG,long,2025-07-10 04:00:00,308.4264731711507,2025-07-14 04:00:00,325.514884,47,803.1553089559173,2.1918129458947653,0.0,3.0604519999999997,target,full,1,1.8333323946704139,0.03279672582324451,2.200164927434436,False,pullback,32.020045287610905,1.0852182401338726,,,0.03279672582324451,up,risk_cap,limit,1.0,1.0,1.0,2025-07-11 04:00:00,2025-07-11 04:00:00,152,0.0,pullback,,,,,0.0,0.0,True,False,False,0.0,0.0,0.0,6.967992063390739,7.444910254065925,95.11942706342035,77.43518454153435,295.4548889250896,326.095,1.0,0.0,0.0
NXT,long,2025-07-14 04:00:00,60.04918537720666,2025-07-17 04:00:00,60.482901,124,53.7807372263737,0.09151691446367818,0.0,1.500276,evidence_consecutive,full,2,0.7123195980113963,0.047133358326789464,2.200972064304732,False,pullback,15.30098541660046,0.8354715376308669,,,0.047133358326789464,up,full_size,limit,3.0,,,,,153,0.0,pullback,,,,,1.0,1.0,True,True,False,1.0,1.0,0.0,1.4161659016476662,1.730920784853694,42.148378672516955,48.49340527975099,57.044366775667584,60.495,1.0,1.0,0.0
VLTO,long,2025-07-15 04:00:00,101.08920855497429,2025-07-17 04:00:00,100.654865,146,-63.41415902624644,-0.26497150326372193,0.0,2.93971,stop,full,1,0.0,0.013990295133100822,2.202765129591669,False,pullback,26.13629739998356,0.6817160168083651,,,0.013990295133100822,up,risk_cap,limit,1.0,2.0,,2025-07-17 04:00:00,,154,0.7742813146764026,pullback,,,,,0.0,0.0,True,False,False,0.0,0.0,0.0,0.7626348867004822,0.8563572203490272,57.39162572285755,26.86649227338923,99.93960963060287,103.0,1.0,0.0,0.0
CXT,long,2025-07-16 04:00:00,55.77683990175322,2025-07-22 04:00:00,57.598478,267,486.37737223189015,0.9863540941028419,0.0,3.0763740000000004,evidence_consecutive,full,3,1.1821057668151356,0.024634565863080552,2.2000608143616516,False,breakout,15.182162755832199,0.4649056603773585,,,0.024634565863080552,up,risk_cap,limit,5.0,3.0,3.0,2025-07-21 04:00:00,2025-07-21 04:00:00,155,0.0,breakout,,,,,0.5,1.0,True,False,False,2.0,0.0,0.0,0.8127842966380712,0.8701659687148708,73.02631578947361,66.25693507272453,55.05968138135585,57.61,1.0,0.0,0.0
NNE,long,2025-07-21 04:00:00,34.36095523570791,2025-07-24 04:00:00,38.292339999999996,333,1309.1511265092638,2.1951329022124457,0.0,2.55078,target,full,2,1.58521257689051,0.0730490248333921,2.1994099493698935,False,breakout,22.883776195677182,1.3684666807944978,,,0.0730490248333921,up,full_size,limit,4.0,2.0,2.0,2025-07-23 04:00:00,2025-07-23 04:00:00,156,0.9441638752291459,breakout,,,,,0.0,0.0,False,False,False,0.0,0.0,0.0,1.1545909630411444,1.091859727310818,78.81194179089482,48.45219120988143,33.034450449837216,38.93,0.0,0.0,0.0
VLTO,long,2025-07-23 04:00:00,101.35053588919331,2025-07-28 04:00:00,101.989598,147,93.94213028858357,0.35102966912114186,0.0,2.9990940000000004,stop,full,2,1.241098362421118,0.014266742919505184,2.202353787479196,False,pullback,22.948366184006886,1.5410182596965525,,,0.014266742919505184,up,risk_cap,limit,5.0,1.0,1.0,2025-07-24 04:00:00,2025-07-24 04:00:00,157,0.0,pullback,,,,,0.5,0.5,True,False,False,1.0,0.0,0.0,0.7599029519582388,0.7743844999667506,82.60963960052135,75.97617938829659,100.64479402381224,103.09,1.0,0.0,0.0
CORZ,long,2025-07-25 04:00:00,13.532706,2025-07-30 04:00:00,13.057388000000001,720,-342.2289599999985,-0.5574230743069689,0.0,1.88064,evidence_consecutive,full,2,0.301738230996381,0.06378551711832683,2.2015724059640744,False,pullback,15.996705051513942,0.6714109126699656,,,0.06378551711832683,up,full_size,limit,1.0,,,,,158,0.7654525709916417,pullback,,,,,1.0,1.0,True,True,False,1.0,1.0,0.0,0.027996950753305327,0.19698979925890228,25.41666666666668,49.4308943089431,12.850482963728703,13.06,1.0,1.0,0.0
NNE,long,2025-07-29 04:00:00,35.620523977650464,2025-08-04 04:00:00,35.552888,197,-13.324287597140845,-0.02174423927815209,0.0,1.4010640000000003,evidence_consecutive,full,3,0.8051621014158816,0.07792240116643175,2.1988179713424794,False,breakout,22.869876870937738,1.6902701438428254,,,0.07792240116643175,up,full_size,limit,4.0,,,,,159,0.7620979599202573,breakout,,,,,0.5,1.0,True,False,False,2.0,0.0,0.0,0.5482659534063714,0.949248207408643,23.2493836624823,11.617637553221087,33.87010482101367,35.56,1.0,0.0,0.0
TSSI,long,2025-07-30 04:00:00,23.579715,2025-08-07 04:00:00,23.14537,143,-62.11133500000006,-0.10196574183953631,0.0,0.66209,stop,full,5,1.9027763594512774,0.09888513662814276,2.1997445838512677,False,breakout,23.919880688649336,0.957816571641294,,,0.09888513662814276,up,full_size,limit,5.0,1.0,1.0,2025-07-31 04:00:00,2025-07-31 04:00:00,160,0.0,breakout,,,,,2.0,2.5,True,True,True,1.0,2.0,1.0,0.9561309885454712,1.1824415373023944,30.791839271671034,59.233432875588285,22.850710927386405,22.1,1.0,1.0,1.0
WBD,long,2025-08-26 04:00:00,11.88864980516154,2025-08-29 04:00:00,11.627674,883,-230.44163595763928,-0.37896736948951965,0.0,2.0538580000000004,evidence_consecutive,full,2,0.539243882819875,0.036668475216172045,2.194657115286533,False,pullback,23.098080604712617,0.7697732935555285,,,0.036668475216172045,up,full_size,limit,1.0,,,,,161,0.0996875402374306,pullback,,,,,2.0,2.0,True,True,True,1.0,1.0,1.0,-0.05808042326722074,-0.052795984510698196,44.34230843466522,69.8550050476264,11.703538554476381,11.63,1.0,1.0,1.0
ZBIO,long,2025-08-29 04:00:00,15.943188,2025-09-03 04:00:00,17.966406,660,1335.32388,2.191555782787472,0.0,2.37204,target,full,1,1.8975679926515527,0.04966408306257448,2.1954488143260096,False,pullback,28.16407966486435,1.8261225603930666,,,0.04966408306257448,up,full_size,limit,1.0,1.0,1.0,2025-09-02 04:00:00,2025-09-02 04:00:00,162,0.0,pullback,,,,,0.0,0.0,True,False,False,0.0,0.0,0.0,0.67748133080838,0.7813316786943614,72.47495063263365,45.74544648851005,14.720901476232285,17.12,1.0,0.0,0.0
ECG,long,2025-09-03 04:00:00,75.18244165082409,2025-09-08 04:00:00,74.96500400000001,190,-41.31315365657542,-0.06705985002654336,0.0,2.84924,evidence_consecutive,full,2,0.7085889575197054,0.036994721161326315,2.2012912236560496,False,pullback,34.93513184843761,0.44705780621730296,,,0.036994721161326315,up,full_size,limit,1.0,,,,,163,0.617572146692338,pullback,,,,,0.5,0.5,True,False,False,1.0,0.0,0.0,1.215591579804837,1.785465928258135,30.05641364262744,28.044012413988288,71.45568621496501,74.98,1.0,0.0,0.0
PSIX,long,2025-09-05 04:00:00,84.37314742121421,2025-09-08 04:00:00,84.35627279172996,184,-3.1049318251018576,-0.009008703369065708,0.0,3.104931825100683,stop,full,0,0.0,0.07928468025337922,2.1978262533747355,False,pullback,24.146961965722493,0.480513504808356,,,0.07928468025337922,up,risk_cap,limit,1.0,1.0,,2025-09-08 04:00:00,,164,0.0,pullback,,,,,0.0,0.0,True,True,False,0.0,0.0,0.0,0.4022720793143719,0.8063598672334523,72.85898744760183,83.67688679654668,79.57800266190799,84.39,1.0,1.0,0.0
NATL,long,2025-09-11 04:00:00,38.12179716274873,2025-09-12 04:00:00,38.752247999999994,406,255.96303992401448,0.7489343812856908,0.0,3.147312,force_end,full,1,1.167980697441187,,,,,,,,,,,,,,,,,,165,,,,,,,,,,,,,,,,,,,,,,,
